Date,Close
02-01-2008,2609.629883
03-01-2008,2602.679932
04-01-2008,2504.649902
07-01-2008,2499.459961
08-01-2008,2440.51001
09-01-2008,2474.550049
10-01-2008,2488.52002
11-01-2008,2439.939941
14-01-2008,2478.300049
15-01-2008,2417.590088
16-01-2008,2394.590088
17-01-2008,2346.899902
18-01-2008,2340.02002
22-01-2008,2292.27002
23-01-2008,2316.409912
24-01-2008,2360.919922
25-01-2008,2326.199951
28-01-2008,2349.909912
29-01-2008,2358.060059
30-01-2008,2349
31-01-2008,2389.860107
01-02-2008,2413.360107
04-02-2008,2382.850098
05-02-2008,2309.570068
06-02-2008,2278.75
07-02-2008,2293.030029
08-02-2008,2304.850098
11-02-2008,2320.060059
12-02-2008,2320.040039
13-02-2008,2373.929932
14-02-2008,2332.540039
15-02-2008,2321.800049
19-02-2008,2306.199951
20-02-2008,2327.100098
21-02-2008,2299.780029
22-02-2008,2303.350098
25-02-2008,2327.47998
26-02-2008,2344.98999
27-02-2008,2353.780029
28-02-2008,2331.570068
29-02-2008,2271.47998
03-03-2008,2258.600098
04-03-2008,2260.280029
05-03-2008,2272.810059
06-03-2008,2220.5
07-03-2008,2212.48999
10-03-2008,2169.340088
11-03-2008,2255.76001
12-03-2008,2243.870117
13-03-2008,2263.610107
14-03-2008,2212.48999
17-03-2008,2177.01001
18-03-2008,2268.26001
19-03-2008,2209.959961
20-03-2008,2258.110107
24-03-2008,2326.75
25-03-2008,2341.050049
26-03-2008,2324.360107
27-03-2008,2280.830078
28-03-2008,2261.179932
31-03-2008,2279.100098
01-04-2008,2362.75
02-04-2008,2361.399902
03-04-2008,2363.300049
04-04-2008,2370.97998
07-04-2008,2364.830078
08-04-2008,2348.76001
09-04-2008,2322.120117
10-04-2008,2351.699951
11-04-2008,2290.23999
14-04-2008,2275.820068
15-04-2008,2286.040039
16-04-2008,2350.110107
17-04-2008,2341.830078
18-04-2008,2402.969971
21-04-2008,2408.040039
22-04-2008,2376.939941
23-04-2008,2405.209961
24-04-2008,2428.919922
25-04-2008,2422.929932
28-04-2008,2424.399902
29-04-2008,2426.100098
30-04-2008,2412.800049
01-05-2008,2480.709961
02-05-2008,2476.98999
05-05-2008,2464.120117
06-05-2008,2483.310059
07-05-2008,2438.48999
08-05-2008,2451.23999
09-05-2008,2445.52002
12-05-2008,2488.48999
13-05-2008,2495.120117
14-05-2008,2496.699951
15-05-2008,2533.72998
16-05-2008,2528.850098
19-05-2008,2516.090088
20-05-2008,2492.26001
21-05-2008,2448.27002
22-05-2008,2464.580078
23-05-2008,2444.669922
27-05-2008,2481.23999
28-05-2008,2486.699951
29-05-2008,2508.320068
30-05-2008,2522.659912
02-06-2008,2491.530029
03-06-2008,2480.47998
04-06-2008,2503.139893
05-06-2008,2549.939941
06-06-2008,2474.560059
09-06-2008,2459.459961
10-06-2008,2448.939941
11-06-2008,2394.01001
12-06-2008,2404.350098
13-06-2008,2454.5
16-06-2008,2474.780029
17-06-2008,2457.72998
18-06-2008,2429.709961
19-06-2008,2462.060059
20-06-2008,2406.090088
23-06-2008,2385.73999
24-06-2008,2368.280029
25-06-2008,2401.26001
26-06-2008,2321.370117
27-06-2008,2315.629883
30-06-2008,2292.97998
01-07-2008,2304.969971
02-07-2008,2251.459961
03-07-2008,2245.379883
07-07-2008,2243.320068
08-07-2008,2294.439941
09-07-2008,2234.889893
10-07-2008,2257.850098
11-07-2008,2239.080078
14-07-2008,2212.870117
15-07-2008,2215.709961
16-07-2008,2284.850098
17-07-2008,2312.300049
18-07-2008,2282.780029
21-07-2008,2279.530029
22-07-2008,2303.959961
23-07-2008,2325.879883
24-07-2008,2280.110107
25-07-2008,2310.530029
28-07-2008,2264.219971
29-07-2008,2319.620117
30-07-2008,2329.719971
31-07-2008,2325.550049
01-08-2008,2310.959961
04-08-2008,2285.560059
05-08-2008,2349.830078
06-08-2008,2378.370117
07-08-2008,2355.72998
08-08-2008,2414.100098
11-08-2008,2439.949951
12-08-2008,2430.610107
13-08-2008,2428.620117
14-08-2008,2453.669922
15-08-2008,2452.52002
18-08-2008,2416.97998
19-08-2008,2384.360107
20-08-2008,2389.080078
21-08-2008,2380.379883
22-08-2008,2414.709961
25-08-2008,2365.590088
26-08-2008,2361.969971
27-08-2008,2382.459961
28-08-2008,2411.639893
29-08-2008,2367.52002
02-09-2008,2349.23999
03-09-2008,2333.72998
04-09-2008,2259.040039
05-09-2008,2255.879883
08-09-2008,2269.76001
09-09-2008,2209.810059
10-09-2008,2228.699951
11-09-2008,2258.219971
12-09-2008,2261.27002
15-09-2008,2179.909912
16-09-2008,2207.899902
17-09-2008,2098.850098
18-09-2008,2199.100098
19-09-2008,2273.899902
22-09-2008,2178.97998
23-09-2008,2153.330078
24-09-2008,2155.679932
25-09-2008,2186.570068
26-09-2008,2183.340088
29-09-2008,1983.72998
30-09-2008,2091.879883
01-10-2008,2069.399902
02-10-2008,1976.719971
03-10-2008,1947.390015
06-10-2008,1862.959961
07-10-2008,1754.880005
08-10-2008,1740.329956
09-10-2008,1645.119995
10-10-2008,1649.51001
13-10-2008,1844.25
14-10-2008,1779.01001
15-10-2008,1628.329956
16-10-2008,1717.709961
17-10-2008,1711.290039
20-10-2008,1770.030029
21-10-2008,1696.680054
22-10-2008,1615.75
23-10-2008,1603.910034
24-10-2008,1552.030029
27-10-2008,1505.900024
28-10-2008,1649.469971
29-10-2008,1657.209961
30-10-2008,1698.52002
31-10-2008,1720.949951
03-11-2008,1726.329956
04-11-2008,1780.119995
05-11-2008,1681.640015
06-11-2008,1608.699951
07-11-2008,1647.400024
10-11-2008,1616.73999
11-11-2008,1580.900024
12-11-2008,1499.209961
13-11-2008,1596.699951
14-11-2008,1516.849976
17-11-2008,1482.050049
18-11-2008,1483.27002
19-11-2008,1386.420044
20-11-2008,1316.119995
21-11-2008,1384.349976
24-11-2008,1472.02002
25-11-2008,1464.72998
26-11-2008,1532.099976
28-11-2008,1535.569946
01-12-2008,1398.069946
02-12-2008,1449.800049
03-12-2008,1492.380005
04-12-2008,1445.560059
05-12-2008,1509.310059
08-12-2008,1571.73999
09-12-2008,1547.339966
10-12-2008,1565.47998
11-12-2008,1507.880005
12-12-2008,1540.719971
15-12-2008,1508.339966
16-12-2008,1589.890015
17-12-2008,1579.310059
18-12-2008,1552.369995
19-12-2008,1564.319946
22-12-2008,1532.349976
23-12-2008,1521.540039
24-12-2008,1524.900024
26-12-2008,1530.23999
29-12-2008,1510.319946
30-12-2008,1550.699951
31-12-2008,1577.030029
02-01-2009,1632.209961
05-01-2009,1628.030029
06-01-2009,1652.380005
07-01-2009,1599.060059
08-01-2009,1617.01001
09-01-2009,1571.589966
12-01-2009,1538.790039
13-01-2009,1546.459961
14-01-2009,1489.640015
15-01-2009,1511.839966
16-01-2009,1529.329956
20-01-2009,1440.859985
21-01-2009,1507.069946
22-01-2009,1465.48999
23-01-2009,1477.290039
26-01-2009,1489.459961
27-01-2009,1504.900024
28-01-2009,1558.339966
29-01-2009,1507.839966
30-01-2009,1476.420044
02-02-2009,1494.430054
03-02-2009,1516.300049
04-02-2009,1515.050049
05-02-2009,1546.23999
06-02-2009,1591.709961
09-02-2009,1591.560059
10-02-2009,1524.72998
11-02-2009,1530.5
12-02-2009,1541.709961
13-02-2009,1534.359985
17-02-2009,1470.660034
18-02-2009,1467.969971
19-02-2009,1442.819946
20-02-2009,1441.22998
23-02-2009,1387.719971
24-02-2009,1441.829956
25-02-2009,1425.430054
26-02-2009,1391.469971
27-02-2009,1377.839966
02-03-2009,1322.849976
03-03-2009,1321.01001
04-03-2009,1353.73999
05-03-2009,1299.589966
06-03-2009,1293.849976
09-03-2009,1268.640015
10-03-2009,1358.280029
11-03-2009,1371.640015
12-03-2009,1426.099976
13-03-2009,1431.5
16-03-2009,1404.02002
17-03-2009,1462.109985
18-03-2009,1491.219971
19-03-2009,1483.47998
20-03-2009,1457.27002
23-03-2009,1555.77002
24-03-2009,1516.52002
25-03-2009,1528.949951
26-03-2009,1587
27-03-2009,1545.199951
30-03-2009,1501.800049
31-03-2009,1528.589966
01-04-2009,1551.599976
02-04-2009,1602.630005
03-04-2009,1621.869995
06-04-2009,1606.709961
07-04-2009,1561.609985
08-04-2009,1590.660034
09-04-2009,1652.540039
13-04-2009,1653.310059
14-04-2009,1625.719971
15-04-2009,1626.800049
16-04-2009,1670.439941
17-04-2009,1673.069946
20-04-2009,1608.209961
21-04-2009,1643.849976
22-04-2009,1646.119995
23-04-2009,1652.209961
24-04-2009,1694.290039
27-04-2009,1679.410034
28-04-2009,1673.810059
29-04-2009,1711.939941
30-04-2009,1717.300049
01-05-2009,1719.199951
04-05-2009,1763.560059
05-05-2009,1754.119995
06-05-2009,1759.099976
07-05-2009,1716.23999
08-05-2009,1739
11-05-2009,1731.23999
12-05-2009,1715.920044
13-05-2009,1664.189941
14-05-2009,1689.209961
15-05-2009,1680.140015
18-05-2009,1732.359985
19-05-2009,1734.540039
20-05-2009,1727.839966
21-05-2009,1695.25
22-05-2009,1692.01001
26-05-2009,1750.430054
27-05-2009,1731.079956
28-05-2009,1751.790039
29-05-2009,1774.329956
01-06-2009,1828.680054
02-06-2009,1836.800049
03-06-2009,1825.920044
04-06-2009,1850.02002
05-06-2009,1849.420044
08-06-2009,1842.400024
09-06-2009,1860.130005
10-06-2009,1853.079956
11-06-2009,1862.369995
12-06-2009,1858.800049
15-06-2009,1816.380005
16-06-2009,1796.180054
17-06-2009,1808.060059
18-06-2009,1807.719971
19-06-2009,1827.469971
22-06-2009,1766.189941
23-06-2009,1764.920044
24-06-2009,1792.339966
25-06-2009,1829.540039
26-06-2009,1838.219971
29-06-2009,1844.060059
30-06-2009,1835.040039
01-07-2009,1845.719971
02-07-2009,1796.52002
06-07-2009,1787.400024
07-07-2009,1746.170044
08-07-2009,1747.170044
09-07-2009,1752.550049
10-07-2009,1756.030029
13-07-2009,1793.209961
14-07-2009,1799.72998
15-07-2009,1862.900024
16-07-2009,1885.030029
17-07-2009,1886.609985
20-07-2009,1909.290039
21-07-2009,1916.199951
22-07-2009,1926.380005
23-07-2009,1973.599976
24-07-2009,1965.959961
27-07-2009,1967.890015
28-07-2009,1975.51001
29-07-2009,1967.76001
30-07-2009,1984.300049
31-07-2009,1978.5
03-08-2009,2008.609985
04-08-2009,2011.310059
05-08-2009,1993.050049
06-08-2009,1973.160034
07-08-2009,2000.25
10-08-2009,1992.23999
11-08-2009,1969.72998
12-08-2009,1998.719971
13-08-2009,2009.349976
14-08-2009,1985.52002
17-08-2009,1930.839966
18-08-2009,1955.920044
19-08-2009,1969.23999
20-08-2009,1989.219971
21-08-2009,2020.900024
24-08-2009,2017.97998
25-08-2009,2024.22998
26-08-2009,2024.430054
27-08-2009,2027.72998
28-08-2009,2028.77002
31-08-2009,2009.060059
01-09-2009,1968.890015
02-09-2009,1967.069946
03-09-2009,1983.199951
04-09-2009,2018.780029
08-09-2009,2037.77002
09-09-2009,2060.389893
10-09-2009,2084.02002
11-09-2009,2080.899902
14-09-2009,2091.780029
15-09-2009,2102.639893
16-09-2009,2133.149902
17-09-2009,2126.75
18-09-2009,2132.860107
21-09-2009,2138.040039
22-09-2009,2146.300049
23-09-2009,2131.419922
24-09-2009,2107.610107
25-09-2009,2090.919922
28-09-2009,2130.73999
29-09-2009,2124.040039
30-09-2009,2122.419922
01-10-2009,2057.47998
02-10-2009,2048.110107
05-10-2009,2068.149902
06-10-2009,2103.570068
07-10-2009,2110.330078
08-10-2009,2123.929932
09-10-2009,2139.280029
12-10-2009,2139.139893
13-10-2009,2139.889893
14-10-2009,2172.22998
15-10-2009,2173.290039
16-10-2009,2156.800049
19-10-2009,2176.320068
20-10-2009,2163.469971
21-10-2009,2150.72998
22-10-2009,2165.290039
23-10-2009,2154.469971
26-10-2009,2141.850098
27-10-2009,2116.090088
28-10-2009,2059.610107
29-10-2009,2097.550049
30-10-2009,2045.109985
02-11-2009,2049.199951
03-11-2009,2057.320068
04-11-2009,2055.52002
05-11-2009,2105.320068
06-11-2009,2112.439941
09-11-2009,2154.060059
10-11-2009,2151.080078
11-11-2009,2166.899902
12-11-2009,2149.02002
13-11-2009,2167.879883
16-11-2009,2197.850098
17-11-2009,2203.780029
18-11-2009,2193.139893
19-11-2009,2156.820068
20-11-2009,2146.040039
23-11-2009,2176.01001
24-11-2009,2169.179932
25-11-2009,2176.050049
27-11-2009,2138.439941
30-11-2009,2144.600098
01-12-2009,2175.810059
02-12-2009,2185.030029
03-12-2009,2173.139893
04-12-2009,2194.350098
07-12-2009,2189.610107
08-12-2009,2172.98999
09-12-2009,2183.72998
10-12-2009,2190.860107
11-12-2009,2190.310059
14-12-2009,2212.100098
15-12-2009,2201.050049
16-12-2009,2206.909912
17-12-2009,2180.050049
18-12-2009,2211.689941
21-12-2009,2237.659912
22-12-2009,2252.669922
23-12-2009,2269.639893
24-12-2009,2285.689941
28-12-2009,2291.080078
29-12-2009,2288.399902
30-12-2009,2291.280029
31-12-2009,2269.149902
04-01-2010,2308.419922
05-01-2010,2308.709961
06-01-2010,2301.090088
07-01-2010,2300.050049
08-01-2010,2317.169922
11-01-2010,2312.409912
12-01-2010,2282.310059
13-01-2010,2307.899902
14-01-2010,2316.73999
15-01-2010,2287.98999
19-01-2010,2320.399902
20-01-2010,2291.25
21-01-2010,2265.699951
22-01-2010,2205.290039
25-01-2010,2210.800049
26-01-2010,2203.72998
27-01-2010,2221.409912
28-01-2010,2179
29-01-2010,2147.350098
01-02-2010,2171.199951
02-02-2010,2190.060059
03-02-2010,2190.909912
04-02-2010,2125.429932
05-02-2010,2141.120117
08-02-2010,2126.050049
09-02-2010,2150.870117
10-02-2010,2147.870117
11-02-2010,2177.409912
12-02-2010,2183.530029
16-02-2010,2214.189941
17-02-2010,2226.290039
18-02-2010,2241.709961
19-02-2010,2243.870117
22-02-2010,2242.030029
23-02-2010,2213.439941
24-02-2010,2235.899902
25-02-2010,2234.219971
26-02-2010,2238.26001
01-03-2010,2273.570068
02-03-2010,2280.790039
03-03-2010,2280.679932
04-03-2010,2292.310059
05-03-2010,2326.350098
08-03-2010,2332.209961
09-03-2010,2340.679932
10-03-2010,2358.949951
11-03-2010,2368.459961
12-03-2010,2367.659912
15-03-2010,2362.209961
16-03-2010,2378.01001
17-03-2010,2389.090088
18-03-2010,2391.280029
19-03-2010,2374.409912
22-03-2010,2395.399902
23-03-2010,2415.23999
24-03-2010,2398.76001
25-03-2010,2397.409912
26-03-2010,2395.129883
29-03-2010,2404.360107
30-03-2010,2410.689941
31-03-2010,2397.959961
01-04-2010,2402.580078
05-04-2010,2429.530029
06-04-2010,2436.810059
07-04-2010,2431.159912
08-04-2010,2436.810059
09-04-2010,2454.050049
12-04-2010,2457.870117
13-04-2010,2465.98999
14-04-2010,2504.860107
15-04-2010,2515.689941
16-04-2010,2481.26001
19-04-2010,2480.110107
20-04-2010,2500.310059
21-04-2010,2504.610107
22-04-2010,2519.070068
23-04-2010,2530.149902
26-04-2010,2522.949951
27-04-2010,2471.469971
28-04-2010,2471.72998
29-04-2010,2511.919922
30-04-2010,2461.189941
03-05-2010,2498.73999
04-05-2010,2424.25
05-05-2010,2402.290039
06-05-2010,2319.639893
07-05-2010,2265.639893
10-05-2010,2374.669922
11-05-2010,2375.310059
12-05-2010,2425.02002
13-05-2010,2394.360107
14-05-2010,2346.850098
17-05-2010,2354.22998
18-05-2010,2317.26001
19-05-2010,2298.370117
20-05-2010,2204.01001
21-05-2010,2229.040039
24-05-2010,2213.550049
25-05-2010,2210.949951
26-05-2010,2195.879883
27-05-2010,2277.679932
28-05-2010,2257.040039
01-06-2010,2222.330078
02-06-2010,2281.070068
03-06-2010,2303.030029
04-06-2010,2219.169922
07-06-2010,2173.899902
08-06-2010,2170.570068
09-06-2010,2158.850098
10-06-2010,2218.709961
11-06-2010,2243.600098
14-06-2010,2243.959961
15-06-2010,2305.879883
16-06-2010,2305.929932
17-06-2010,2307.159912
18-06-2010,2309.800049
21-06-2010,2289.090088
22-06-2010,2261.800049
23-06-2010,2254.22998
24-06-2010,2217.419922
25-06-2010,2223.47998
28-06-2010,2220.649902
29-06-2010,2135.179932
30-06-2010,2109.23999
01-07-2010,2101.360107
02-07-2010,2091.790039
06-07-2010,2093.879883
07-07-2010,2159.469971
08-07-2010,2175.399902
09-07-2010,2196.449951
12-07-2010,2198.360107
13-07-2010,2242.030029
14-07-2010,2249.840088
15-07-2010,2249.080078
16-07-2010,2179.050049
19-07-2010,2198.22998
20-07-2010,2222.48999
21-07-2010,2187.330078
22-07-2010,2245.889893
23-07-2010,2269.469971
26-07-2010,2296.429932
27-07-2010,2288.25
28-07-2010,2264.560059
29-07-2010,2251.689941
30-07-2010,2254.699951
02-08-2010,2295.360107
03-08-2010,2283.52002
04-08-2010,2303.570068
05-08-2010,2293.060059
06-08-2010,2288.469971
09-08-2010,2305.689941
10-08-2010,2277.169922
11-08-2010,2208.629883
12-08-2010,2190.27002
13-08-2010,2173.47998
16-08-2010,2181.870117
17-08-2010,2209.439941
18-08-2010,2215.699951
19-08-2010,2178.949951
20-08-2010,2179.76001
23-08-2010,2159.629883
24-08-2010,2123.76001
25-08-2010,2141.540039
26-08-2010,2118.689941
27-08-2010,2153.629883
30-08-2010,2119.969971
31-08-2010,2114.030029
01-09-2010,2176.840088
02-09-2010,2200.01001
03-09-2010,2233.75
07-09-2010,2208.889893
08-09-2010,2228.870117
09-09-2010,2236.199951
10-09-2010,2242.47998
13-09-2010,2285.709961
14-09-2010,2289.77002
15-09-2010,2301.320068
16-09-2010,2303.25
17-09-2010,2315.610107
20-09-2010,2355.830078
21-09-2010,2349.350098
22-09-2010,2334.550049
23-09-2010,2327.080078
24-09-2010,2381.219971
27-09-2010,2369.77002
28-09-2010,2379.590088
29-09-2010,2376.560059
30-09-2010,2368.620117
01-10-2010,2370.75
04-10-2010,2344.52002
05-10-2010,2399.830078
06-10-2010,2380.659912
07-10-2010,2383.669922
08-10-2010,2401.909912
11-10-2010,2402.330078
12-10-2010,2417.919922
13-10-2010,2441.22998
14-10-2010,2435.379883
15-10-2010,2468.77002
18-10-2010,2480.659912
19-10-2010,2436.949951
20-10-2010,2457.389893
21-10-2010,2459.669922
22-10-2010,2479.389893
25-10-2010,2490.850098
26-10-2010,2497.290039
27-10-2010,2503.26001
28-10-2010,2507.370117
29-10-2010,2507.409912
01-11-2010,2504.840088
02-11-2010,2533.52002
03-11-2010,2540.27002
04-11-2010,2577.340088
05-11-2010,2578.97998
08-11-2010,2580.050049
09-11-2010,2562.97998
10-11-2010,2578.780029
11-11-2010,2555.52002
12-11-2010,2518.209961
15-11-2010,2513.820068
16-11-2010,2469.840088
17-11-2010,2476.01001
18-11-2010,2514.399902
19-11-2010,2518.120117
22-11-2010,2532.02002
23-11-2010,2494.949951
24-11-2010,2543.120117
26-11-2010,2534.560059
29-11-2010,2525.219971
30-11-2010,2498.22998
01-12-2010,2549.429932
02-12-2010,2579.350098
03-12-2010,2591.459961
06-12-2010,2594.919922
07-12-2010,2598.48999
08-12-2010,2609.159912
09-12-2010,2616.669922
10-12-2010,2637.540039
13-12-2010,2624.909912
14-12-2010,2627.719971
15-12-2010,2617.219971
16-12-2010,2637.310059
17-12-2010,2642.969971
20-12-2010,2649.560059
21-12-2010,2667.610107
22-12-2010,2671.47998
23-12-2010,2665.600098
27-12-2010,2667.27002
28-12-2010,2662.879883
29-12-2010,2666.929932
30-12-2010,2662.97998
31-12-2010,2652.870117
03-01-2011,2691.52002
04-01-2011,2681.25
05-01-2011,2702.199951
06-01-2011,2709.889893
07-01-2011,2703.169922
10-01-2011,2707.800049
11-01-2011,2716.830078
12-01-2011,2737.330078
13-01-2011,2735.290039
14-01-2011,2755.300049
18-01-2011,2765.850098
19-01-2011,2725.360107
20-01-2011,2704.290039
21-01-2011,2689.540039
24-01-2011,2717.550049
25-01-2011,2719.25
26-01-2011,2739.5
27-01-2011,2755.280029
28-01-2011,2686.889893
31-01-2011,2700.080078
01-02-2011,2751.189941
02-02-2011,2749.560059
03-02-2011,2753.879883
04-02-2011,2769.300049
07-02-2011,2783.98999
08-02-2011,2797.050049
09-02-2011,2789.070068
10-02-2011,2790.449951
11-02-2011,2809.439941
14-02-2011,2817.179932
15-02-2011,2804.350098
16-02-2011,2825.560059
17-02-2011,2831.580078
18-02-2011,2833.949951
22-02-2011,2756.419922
23-02-2011,2722.98999
24-02-2011,2737.899902
25-02-2011,2781.050049
28-02-2011,2782.27002
01-03-2011,2737.409912
02-03-2011,2748.070068
03-03-2011,2798.73999
04-03-2011,2784.669922
07-03-2011,2745.629883
08-03-2011,2765.77002
09-03-2011,2751.719971
10-03-2011,2701.02002
11-03-2011,2715.610107
14-03-2011,2700.969971
15-03-2011,2667.330078
16-03-2011,2616.820068
17-03-2011,2636.050049
18-03-2011,2643.669922
21-03-2011,2692.090088
22-03-2011,2683.870117
23-03-2011,2698.300049
24-03-2011,2736.419922
25-03-2011,2743.060059
28-03-2011,2730.679932
29-03-2011,2756.889893
30-03-2011,2776.790039
31-03-2011,2781.070068
01-04-2011,2789.600098
04-04-2011,2789.189941
05-04-2011,2791.189941
06-04-2011,2799.820068
07-04-2011,2796.139893
08-04-2011,2780.419922
11-04-2011,2771.51001
12-04-2011,2744.790039
13-04-2011,2761.52002
14-04-2011,2760.219971
15-04-2011,2764.649902
18-04-2011,2735.379883
19-04-2011,2744.969971
20-04-2011,2802.51001
21-04-2011,2820.159912
25-04-2011,2825.879883
26-04-2011,2847.540039
27-04-2011,2869.879883
28-04-2011,2872.530029
29-04-2011,2873.540039
02-05-2011,2864.080078
03-05-2011,2841.620117
04-05-2011,2828.22998
05-05-2011,2814.719971
06-05-2011,2827.560059
09-05-2011,2843.25
10-05-2011,2871.889893
11-05-2011,2845.060059
12-05-2011,2863.040039
13-05-2011,2828.469971
16-05-2011,2782.310059
17-05-2011,2783.209961
18-05-2011,2815
19-05-2011,2823.310059
20-05-2011,2803.320068
23-05-2011,2758.899902
24-05-2011,2746.159912
25-05-2011,2761.379883
26-05-2011,2782.919922
27-05-2011,2796.860107
31-05-2011,2835.300049
01-06-2011,2769.189941
02-06-2011,2773.310059
03-06-2011,2732.780029
06-06-2011,2702.560059
07-06-2011,2701.560059
08-06-2011,2675.379883
09-06-2011,2684.870117
10-06-2011,2643.72998
13-06-2011,2639.689941
14-06-2011,2678.719971
15-06-2011,2631.459961
16-06-2011,2623.699951
17-06-2011,2616.47998
20-06-2011,2629.659912
21-06-2011,2687.26001
22-06-2011,2669.189941
23-06-2011,2686.75
24-06-2011,2652.889893
27-06-2011,2688.280029
28-06-2011,2729.310059
29-06-2011,2740.48999
30-06-2011,2773.52002
01-07-2011,2816.030029
05-07-2011,2825.77002
06-07-2011,2834.02002
07-07-2011,2872.659912
08-07-2011,2859.810059
11-07-2011,2802.620117
12-07-2011,2781.909912
13-07-2011,2796.919922
14-07-2011,2762.669922
15-07-2011,2789.800049
18-07-2011,2765.110107
19-07-2011,2826.52002
20-07-2011,2814.22998
21-07-2011,2834.429932
22-07-2011,2858.830078
25-07-2011,2842.800049
26-07-2011,2839.959961
27-07-2011,2764.790039
28-07-2011,2766.25
29-07-2011,2756.379883
01-08-2011,2744.610107
02-08-2011,2669.23999
03-08-2011,2693.070068
04-08-2011,2556.389893
05-08-2011,2532.409912
08-08-2011,2357.689941
09-08-2011,2482.52002
10-08-2011,2381.050049
11-08-2011,2492.679932
12-08-2011,2507.97998
15-08-2011,2555.199951
16-08-2011,2523.449951
17-08-2011,2511.47998
18-08-2011,2380.429932
19-08-2011,2341.840088
22-08-2011,2345.379883
23-08-2011,2446.060059
24-08-2011,2467.689941
25-08-2011,2419.629883
26-08-2011,2479.850098
29-08-2011,2562.110107
30-08-2011,2576.110107
31-08-2011,2579.459961
01-09-2011,2546.040039
02-09-2011,2480.330078
06-09-2011,2473.830078
07-09-2011,2548.939941
08-09-2011,2529.139893
09-09-2011,2467.98999
12-09-2011,2495.090088
13-09-2011,2532.149902
14-09-2011,2572.550049
15-09-2011,2607.070068
16-09-2011,2622.310059
19-09-2011,2612.830078
20-09-2011,2590.23999
21-09-2011,2538.189941
22-09-2011,2455.669922
23-09-2011,2483.22998
26-09-2011,2516.689941
27-09-2011,2546.830078
28-09-2011,2491.580078
29-09-2011,2480.76001
30-09-2011,2415.399902
03-10-2011,2335.830078
04-10-2011,2404.820068
05-10-2011,2460.51001
06-10-2011,2506.820068
07-10-2011,2479.350098
10-10-2011,2566.050049
11-10-2011,2583.030029
12-10-2011,2604.72998
13-10-2011,2620.23999
14-10-2011,2667.850098
17-10-2011,2614.919922
18-10-2011,2657.429932
19-10-2011,2604.040039
20-10-2011,2598.620117
21-10-2011,2637.459961
24-10-2011,2699.439941
25-10-2011,2638.419922
26-10-2011,2650.669922
27-10-2011,2738.629883
28-10-2011,2737.149902
31-10-2011,2684.409912
01-11-2011,2606.959961
02-11-2011,2639.97998
03-11-2011,2697.969971
04-11-2011,2686.149902
07-11-2011,2695.25
08-11-2011,2727.48999
09-11-2011,2621.649902
10-11-2011,2625.149902
11-11-2011,2678.75
14-11-2011,2657.219971
15-11-2011,2686.199951
16-11-2011,2639.610107
17-11-2011,2587.98999
18-11-2011,2572.5
21-11-2011,2523.139893
22-11-2011,2521.280029
23-11-2011,2460.080078
25-11-2011,2441.51001
28-11-2011,2527.340088
29-11-2011,2515.51001
30-11-2011,2620.340088
01-12-2011,2626.199951
02-12-2011,2626.929932
05-12-2011,2655.76001
06-12-2011,2649.560059
07-12-2011,2649.209961
08-12-2011,2596.379883
09-12-2011,2646.850098
12-12-2011,2612.26001
13-12-2011,2579.27002
14-12-2011,2539.310059
15-12-2011,2541.01001
16-12-2011,2555.330078
19-12-2011,2523.139893
20-12-2011,2603.72998
21-12-2011,2577.969971
22-12-2011,2599.449951
23-12-2011,2618.639893
27-12-2011,2625.199951
28-12-2011,2589.97998
29-12-2011,2613.73999
30-12-2011,2605.149902
03-01-2012,2648.719971
04-01-2012,2648.360107
05-01-2012,2669.860107
06-01-2012,2674.219971
09-01-2012,2676.560059
10-01-2012,2702.5
11-01-2012,2710.76001
12-01-2012,2724.699951
13-01-2012,2710.669922
17-01-2012,2728.080078
18-01-2012,2769.709961
19-01-2012,2788.330078
20-01-2012,2786.699951
23-01-2012,2784.169922
24-01-2012,2786.639893
25-01-2012,2818.310059
26-01-2012,2805.280029
27-01-2012,2816.550049
30-01-2012,2811.939941
31-01-2012,2813.840088
01-02-2012,2848.27002
02-02-2012,2859.679932
03-02-2012,2905.659912
06-02-2012,2901.98999
07-02-2012,2904.080078
08-02-2012,2915.860107
09-02-2012,2927.22998
10-02-2012,2903.879883
13-02-2012,2931.389893
14-02-2012,2931.830078
15-02-2012,2915.830078
16-02-2012,2959.850098
17-02-2012,2951.780029
21-02-2012,2948.570068
22-02-2012,2933.169922
23-02-2012,2956.97998
24-02-2012,2963.75
27-02-2012,2966.159912
28-02-2012,2986.76001
29-02-2012,2966.889893
01-03-2012,2988.969971
02-03-2012,2976.189941
05-03-2012,2950.47998
06-03-2012,2910.320068
07-03-2012,2935.689941
08-03-2012,2970.419922
09-03-2012,2988.340088
12-03-2012,2983.659912
13-03-2012,3039.879883
14-03-2012,3040.72998
15-03-2012,3056.370117
16-03-2012,3055.26001
19-03-2012,3078.320068
20-03-2012,3074.149902
21-03-2012,3075.320068
22-03-2012,3063.320068
23-03-2012,3067.919922
26-03-2012,3122.570068
27-03-2012,3120.350098
28-03-2012,3104.959961
29-03-2012,3095.360107
30-03-2012,3091.570068
02-04-2012,3119.699951
03-04-2012,3113.570068
04-04-2012,3068.090088
05-04-2012,3080.5
09-04-2012,3047.080078
10-04-2012,2991.219971
11-04-2012,3016.459961
12-04-2012,3055.550049
13-04-2012,3011.330078
16-04-2012,2988.399902
17-04-2012,3042.820068
18-04-2012,3031.449951
19-04-2012,3007.560059
20-04-2012,3000.449951
23-04-2012,2970.449951
24-04-2012,2961.600098
25-04-2012,3029.629883
26-04-2012,3050.610107
27-04-2012,3069.199951
30-04-2012,3046.360107
01-05-2012,3050.439941
02-05-2012,3059.850098
03-05-2012,3024.300049
04-05-2012,2956.340088
07-05-2012,2957.76001
08-05-2012,2946.27002
09-05-2012,2934.709961
10-05-2012,2933.639893
11-05-2012,2933.820068
14-05-2012,2902.580078
15-05-2012,2893.76001
16-05-2012,2874.040039
17-05-2012,2813.689941
18-05-2012,2778.790039
21-05-2012,2847.209961
22-05-2012,2839.080078
23-05-2012,2850.120117
24-05-2012,2839.379883
25-05-2012,2837.530029
29-05-2012,2870.98999
30-05-2012,2837.360107
31-05-2012,2827.340088
01-06-2012,2747.47998
04-06-2012,2760.01001
05-06-2012,2778.110107
06-06-2012,2844.719971
07-06-2012,2831.02002
08-06-2012,2858.419922
11-06-2012,2809.72998
12-06-2012,2843.070068
13-06-2012,2818.610107
14-06-2012,2836.330078
15-06-2012,2872.800049
18-06-2012,2895.330078
19-06-2012,2929.76001
20-06-2012,2930.449951
21-06-2012,2859.090088
22-06-2012,2892.419922
25-06-2012,2836.159912
26-06-2012,2854.060059
27-06-2012,2875.320068
28-06-2012,2849.48999
29-06-2012,2935.050049
02-07-2012,2951.22998
03-07-2012,2976.080078
05-07-2012,2976.120117
06-07-2012,2937.330078
09-07-2012,2931.77002
10-07-2012,2902.330078
11-07-2012,2887.97998
12-07-2012,2866.189941
13-07-2012,2908.469971
16-07-2012,2896.939941
17-07-2012,2910.040039
18-07-2012,2942.600098
19-07-2012,2965.899902
20-07-2012,2925.300049
23-07-2012,2890.149902
24-07-2012,2862.98999
25-07-2012,2854.23999
26-07-2012,2893.25
27-07-2012,2958.090088
30-07-2012,2945.840088
31-07-2012,2939.52002
01-08-2012,2920.209961
02-08-2012,2909.77002
03-08-2012,2967.899902
06-08-2012,2989.909912
07-08-2012,3015.860107
08-08-2012,3011.25
09-08-2012,3018.639893
10-08-2012,3020.860107
13-08-2012,3022.52002
14-08-2012,3016.97998
15-08-2012,3030.929932
16-08-2012,3062.389893
17-08-2012,3076.590088
20-08-2012,3076.209961
21-08-2012,3067.26001
22-08-2012,3073.669922
23-08-2012,3053.399902
24-08-2012,3069.790039
27-08-2012,3073.189941
28-08-2012,3077.139893
29-08-2012,3081.189941
30-08-2012,3048.709961
31-08-2012,3066.959961
04-09-2012,3075.060059
05-09-2012,3069.27002
06-09-2012,3135.810059
07-09-2012,3136.419922
10-09-2012,3104.02002
11-09-2012,3104.530029
12-09-2012,3114.310059
13-09-2012,3155.830078
14-09-2012,3183.949951
17-09-2012,3178.669922
18-09-2012,3177.800049
19-09-2012,3182.620117
20-09-2012,3175.959961
21-09-2012,3179.959961
24-09-2012,3160.780029
25-09-2012,3117.72998
26-09-2012,3093.699951
27-09-2012,3136.600098
28-09-2012,3116.22998
01-10-2012,3113.530029
02-10-2012,3120.040039
03-10-2012,3135.22998
04-10-2012,3149.459961
05-10-2012,3136.189941
08-10-2012,3112.350098
09-10-2012,3065.02002
10-10-2012,3051.780029
11-10-2012,3049.409912
12-10-2012,3044.110107
15-10-2012,3064.179932
16-10-2012,3101.169922
17-10-2012,3104.120117
18-10-2012,3072.870117
19-10-2012,3005.620117
22-10-2012,3016.959961
23-10-2012,2990.459961
24-10-2012,2981.699951
25-10-2012,2986.120117
26-10-2012,2987.949951
31-10-2012,2977.22998
01-11-2012,3020.060059
02-11-2012,2982.129883
05-11-2012,2999.659912
06-11-2012,3011.929932
07-11-2012,2937.290039
08-11-2012,2895.580078
09-11-2012,2904.870117
12-11-2012,2904.25
13-11-2012,2883.889893
14-11-2012,2846.810059
15-11-2012,2836.939941
16-11-2012,2853.129883
19-11-2012,2916.070068
20-11-2012,2916.679932
21-11-2012,2926.550049
23-11-2012,2966.850098
26-11-2012,2976.780029
27-11-2012,2967.790039
28-11-2012,2991.780029
29-11-2012,3012.030029
30-11-2012,3010.23999
03-12-2012,3002.199951
04-12-2012,2996.689941
05-12-2012,2973.699951
06-12-2012,2989.27002
07-12-2012,2978.040039
10-12-2012,2986.959961
11-12-2012,3022.300049
12-12-2012,3013.810059
13-12-2012,2992.159912
14-12-2012,2971.330078
17-12-2012,3010.600098
18-12-2012,3054.530029
19-12-2012,3044.360107
20-12-2012,3050.389893
21-12-2012,3021.01001
24-12-2012,3012.600098
26-12-2012,2990.159912
27-12-2012,2985.909912
28-12-2012,2960.310059
31-12-2012,3019.51001
02-01-2013,3112.26001
03-01-2013,3100.570068
04-01-2013,3101.659912
07-01-2013,3098.810059
08-01-2013,3091.810059
09-01-2013,3105.810059
10-01-2013,3121.76001
11-01-2013,3125.629883
14-01-2013,3117.5
15-01-2013,3110.780029
16-01-2013,3117.540039
17-01-2013,3136
18-01-2013,3134.709961
22-01-2013,3143.179932
23-01-2013,3153.669922
24-01-2013,3130.379883
25-01-2013,3149.709961
28-01-2013,3154.300049
29-01-2013,3153.659912
30-01-2013,3142.310059
31-01-2013,3142.129883
01-02-2013,3179.100098
04-02-2013,3131.169922
05-02-2013,3171.580078
06-02-2013,3168.47998
07-02-2013,3165.129883
08-02-2013,3193.870117
11-02-2013,3192
12-02-2013,3186.48999
13-02-2013,3196.879883
14-02-2013,3198.659912
15-02-2013,3192.030029
19-02-2013,3213.590088
20-02-2013,3164.409912
21-02-2013,3131.48999
22-02-2013,3161.820068
25-02-2013,3116.25
26-02-2013,3129.649902
27-02-2013,3162.26001
28-02-2013,3160.189941
01-03-2013,3169.73999
04-03-2013,3182.030029
05-03-2013,3224.129883
06-03-2013,3222.370117
07-03-2013,3232.090088
08-03-2013,3244.370117
11-03-2013,3252.870117
12-03-2013,3242.320068
13-03-2013,3245.120117
14-03-2013,3258.929932
15-03-2013,3249.070068
18-03-2013,3237.590088
19-03-2013,3229.100098
20-03-2013,3254.189941
21-03-2013,3222.600098
22-03-2013,3245
25-03-2013,3235.300049
26-03-2013,3252.47998
27-03-2013,3256.52002
28-03-2013,3267.52002
01-04-2013,3239.169922
02-04-2013,3254.860107
03-04-2013,3218.600098
04-04-2013,3224.97998
05-04-2013,3203.860107
08-04-2013,3222.25
09-04-2013,3237.860107
10-04-2013,3297.25
11-04-2013,3300.159912
12-04-2013,3294.949951
15-04-2013,3216.48999
16-04-2013,3264.629883
17-04-2013,3204.669922
18-04-2013,3166.360107
19-04-2013,3206.060059
22-04-2013,3233.550049
23-04-2013,3269.330078
24-04-2013,3269.649902
25-04-2013,3289.98999
26-04-2013,3279.26001
29-04-2013,3307.02002
30-04-2013,3328.790039
01-05-2013,3299.129883
02-05-2013,3340.620117
03-05-2013,3378.629883
06-05-2013,3392.969971
07-05-2013,3396.629883
08-05-2013,3413.27002
09-05-2013,3409.169922
10-05-2013,3436.580078
13-05-2013,3438.790039
14-05-2013,3462.610107
15-05-2013,3471.620117
16-05-2013,3465.23999
17-05-2013,3498.969971
20-05-2013,3496.429932
21-05-2013,3502.120117
22-05-2013,3463.300049
23-05-2013,3459.419922
24-05-2013,3459.139893
28-05-2013,3488.889893
29-05-2013,3467.52002
30-05-2013,3491.300049
31-05-2013,3455.909912
03-06-2013,3465.370117
04-06-2013,3445.26001
05-06-2013,3401.47998
06-06-2013,3424.050049
07-06-2013,3469.219971
10-06-2013,3473.77002
11-06-2013,3436.949951
12-06-2013,3400.429932
13-06-2013,3445.360107
14-06-2013,3423.560059
17-06-2013,3452.129883
18-06-2013,3482.179932
19-06-2013,3443.199951
20-06-2013,3364.639893
21-06-2013,3357.25
24-06-2013,3320.76001
25-06-2013,3347.889893
26-06-2013,3376.219971
27-06-2013,3401.860107
28-06-2013,3403.25
01-07-2013,3434.48999
02-07-2013,3433.399902
03-07-2013,3443.669922
05-07-2013,3479.379883
08-07-2013,3484.830078
09-07-2013,3504.26001
10-07-2013,3520.76001
11-07-2013,3578.300049
12-07-2013,3600.080078
15-07-2013,3607.48999
16-07-2013,3598.5
17-07-2013,3610
18-07-2013,3611.280029
19-07-2013,3587.610107
22-07-2013,3600.389893
23-07-2013,3579.27002
24-07-2013,3579.600098
25-07-2013,3605.189941
26-07-2013,3613.159912
29-07-2013,3599.139893
30-07-2013,3616.469971
31-07-2013,3626.370117
01-08-2013,3675.73999
02-08-2013,3689.590088
05-08-2013,3692.949951
06-08-2013,3665.77002
07-08-2013,3654.01001
08-08-2013,3669.120117
09-08-2013,3660.110107
12-08-2013,3669.949951
13-08-2013,3684.439941
14-08-2013,3669.27002
15-08-2013,3606.120117
16-08-2013,3602.780029
19-08-2013,3589.090088
20-08-2013,3613.590088
21-08-2013,3599.790039
22-08-2013,3638.709961
23-08-2013,3657.790039
26-08-2013,3657.570068
27-08-2013,3578.52002
28-08-2013,3593.350098
29-08-2013,3620.300049
30-08-2013,3589.870117
03-09-2013,3612.610107
04-09-2013,3649.040039
05-09-2013,3658.780029
06-09-2013,3660.01001
09-09-2013,3706.179932
10-09-2013,3729.02002
11-09-2013,3725.01001
12-09-2013,3715.969971
13-09-2013,3722.179932
16-09-2013,3717.850098
17-09-2013,3745.699951
18-09-2013,3783.639893
19-09-2013,3789.379883
20-09-2013,3774.72998
23-09-2013,3765.290039
24-09-2013,3768.25
25-09-2013,3761.100098
26-09-2013,3787.429932
27-09-2013,3781.590088
30-09-2013,3771.47998
01-10-2013,3817.97998
02-10-2013,3815.02002
03-10-2013,3774.340088
04-10-2013,3807.75
07-10-2013,3770.379883
08-10-2013,3694.830078
09-10-2013,3677.780029
10-10-2013,3760.75
11-10-2013,3791.870117
14-10-2013,3815.280029
15-10-2013,3794.01001
16-10-2013,3839.429932
17-10-2013,3863.149902
18-10-2013,3914.280029
21-10-2013,3920.050049
22-10-2013,3929.570068
23-10-2013,3907.070068
24-10-2013,3928.959961
25-10-2013,3943.360107
28-10-2013,3940.129883
29-10-2013,3952.340088
30-10-2013,3930.620117
31-10-2013,3919.709961
01-11-2013,3922.040039
04-11-2013,3936.590088
05-11-2013,3939.860107
06-11-2013,3931.949951
07-11-2013,3857.330078
08-11-2013,3919.22998
11-11-2013,3919.790039
12-11-2013,3919.919922
13-11-2013,3965.580078
14-11-2013,3972.73999
15-11-2013,3985.969971
18-11-2013,3949.070068
19-11-2013,3931.550049
20-11-2013,3921.27002
21-11-2013,3969.159912
22-11-2013,3991.649902
25-11-2013,3994.570068
26-11-2013,4017.75
27-11-2013,4044.75
29-11-2013,4059.889893
02-12-2013,4045.26001
03-12-2013,4037.199951
04-12-2013,4038
05-12-2013,4033.169922
06-12-2013,4062.52002
09-12-2013,4068.75
10-12-2013,4060.48999
11-12-2013,4003.810059
12-12-2013,3998.399902
13-12-2013,4000.97998
16-12-2013,4029.52002
17-12-2013,4023.679932
18-12-2013,4070.060059
19-12-2013,4058.139893
20-12-2013,4104.740234
23-12-2013,4148.899902
24-12-2013,4155.419922
26-12-2013,4167.180176
27-12-2013,4156.589844
30-12-2013,4154.200195
31-12-2013,4176.589844
02-01-2014,4143.069824
03-01-2014,4131.910156
06-01-2014,4113.680176
07-01-2014,4153.180176
08-01-2014,4165.609863
09-01-2014,4156.189941
10-01-2014,4174.669922
13-01-2014,4113.299805
14-01-2014,4183.02002
15-01-2014,4214.879883
16-01-2014,4218.689941
17-01-2014,4197.580078
21-01-2014,4225.759766
22-01-2014,4243
23-01-2014,4218.879883
24-01-2014,4128.169922
27-01-2014,4083.610107
28-01-2014,4097.959961
29-01-2014,4051.429932
30-01-2014,4123.129883
31-01-2014,4103.879883
03-02-2014,3996.959961
04-02-2014,4031.52002
05-02-2014,4011.550049
06-02-2014,4057.120117
07-02-2014,4125.859863
10-02-2014,4148.169922
11-02-2014,4191.049805
12-02-2014,4201.290039
13-02-2014,4240.669922
14-02-2014,4244.02002
18-02-2014,4272.779785
19-02-2014,4237.950195
20-02-2014,4267.549805
21-02-2014,4263.410156
24-02-2014,4292.970215
25-02-2014,4287.589844
26-02-2014,4292.060059
27-02-2014,4318.930176
28-02-2014,4308.120117
03-03-2014,4277.299805
04-03-2014,4351.970215
05-03-2014,4357.970215
06-03-2014,4352.129883
07-03-2014,4336.220215
10-03-2014,4334.450195
11-03-2014,4307.189941
12-03-2014,4323.330078
13-03-2014,4260.419922
14-03-2014,4245.399902
17-03-2014,4279.950195
18-03-2014,4333.310059
19-03-2014,4307.600098
20-03-2014,4319.290039
21-03-2014,4276.790039
24-03-2014,4226.390137
25-03-2014,4234.27002
26-03-2014,4173.580078
27-03-2014,4151.22998
28-03-2014,4155.759766
31-03-2014,4198.990234
01-04-2014,4268.040039
02-04-2014,4276.459961
03-04-2014,4237.740234
04-04-2014,4127.72998
07-04-2014,4079.75
08-04-2014,4112.990234
09-04-2014,4183.899902
10-04-2014,4054.110107
11-04-2014,3999.72998
14-04-2014,4022.689941
15-04-2014,4034.159912
16-04-2014,4086.22998
17-04-2014,4095.52002
21-04-2014,4121.549805
22-04-2014,4161.459961
23-04-2014,4126.970215
24-04-2014,4148.339844
25-04-2014,4075.560059
28-04-2014,4074.399902
29-04-2014,4103.540039
30-04-2014,4114.560059
01-05-2014,4127.450195
02-05-2014,4123.899902
05-05-2014,4138.060059
06-05-2014,4080.76001
07-05-2014,4067.669922
08-05-2014,4051.5
09-05-2014,4071.870117
12-05-2014,4143.859863
13-05-2014,4130.169922
14-05-2014,4100.629883
15-05-2014,4069.290039
16-05-2014,4090.590088
19-05-2014,4125.810059
20-05-2014,4096.890137
21-05-2014,4131.540039
22-05-2014,4154.339844
23-05-2014,4185.810059
27-05-2014,4237.069824
28-05-2014,4225.080078
29-05-2014,4247.950195
30-05-2014,4242.620117
02-06-2014,4237.200195
03-06-2014,4234.080078
04-06-2014,4251.640137
05-06-2014,4296.22998
06-06-2014,4321.399902
09-06-2014,4336.240234
10-06-2014,4338
11-06-2014,4331.930176
12-06-2014,4297.629883
13-06-2014,4310.649902
16-06-2014,4321.100098
17-06-2014,4337.22998
18-06-2014,4362.839844
19-06-2014,4359.330078
20-06-2014,4368.040039
23-06-2014,4368.680176
24-06-2014,4350.350098
25-06-2014,4379.759766
26-06-2014,4379.049805
27-06-2014,4397.930176
30-06-2014,4408.180176
01-07-2014,4458.649902
02-07-2014,4457.72998
03-07-2014,4485.930176
07-07-2014,4451.529785
08-07-2014,4391.459961
09-07-2014,4419.029785
10-07-2014,4396.200195
11-07-2014,4415.490234
14-07-2014,4440.419922
15-07-2014,4416.390137
16-07-2014,4425.970215
17-07-2014,4363.450195
18-07-2014,4432.149902
21-07-2014,4424.700195
22-07-2014,4456.02002
23-07-2014,4473.700195
24-07-2014,4472.109863
25-07-2014,4449.560059
28-07-2014,4444.910156
29-07-2014,4442.700195
30-07-2014,4462.899902
31-07-2014,4369.77002
01-08-2014,4352.640137
04-08-2014,4383.890137
05-08-2014,4352.839844
06-08-2014,4355.049805
07-08-2014,4334.970215
08-08-2014,4370.899902
11-08-2014,4401.330078
12-08-2014,4389.25
13-08-2014,4434.129883
14-08-2014,4453
15-08-2014,4464.930176
18-08-2014,4508.310059
19-08-2014,4527.509766
20-08-2014,4526.47998
21-08-2014,4532.100098
22-08-2014,4538.549805
25-08-2014,4557.350098
26-08-2014,4570.640137
27-08-2014,4569.620117
28-08-2014,4557.700195
29-08-2014,4580.27002
02-09-2014,4598.189941
03-09-2014,4572.560059
04-09-2014,4562.290039
05-09-2014,4582.899902
08-09-2014,4592.290039
09-09-2014,4552.290039
10-09-2014,4586.52002
11-09-2014,4591.810059
12-09-2014,4567.600098
15-09-2014,4518.899902
16-09-2014,4552.759766
17-09-2014,4562.189941
18-09-2014,4593.430176
19-09-2014,4579.790039
22-09-2014,4527.689941
23-09-2014,4508.689941
24-09-2014,4555.220215
25-09-2014,4466.75
26-09-2014,4512.189941
29-09-2014,4505.850098
30-09-2014,4493.390137
01-10-2014,4422.089844
02-10-2014,4430.200195
03-10-2014,4475.620117
06-10-2014,4454.799805
07-10-2014,4385.200195
08-10-2014,4468.589844
09-10-2014,4378.339844
10-10-2014,4276.240234
13-10-2014,4213.660156
14-10-2014,4227.169922
15-10-2014,4215.319824
16-10-2014,4217.390137
17-10-2014,4258.439941
20-10-2014,4316.069824
21-10-2014,4419.47998
22-10-2014,4382.850098
23-10-2014,4452.790039
24-10-2014,4483.720215
27-10-2014,4485.930176
28-10-2014,4564.290039
29-10-2014,4549.22998
30-10-2014,4566.140137
31-10-2014,4630.740234
03-11-2014,4638.910156
04-11-2014,4623.640137
05-11-2014,4620.720215
06-11-2014,4638.470215
07-11-2014,4632.529785
10-11-2014,4651.620117
11-11-2014,4660.560059
12-11-2014,4675.140137
13-11-2014,4680.140137
14-11-2014,4688.540039
17-11-2014,4671
18-11-2014,4702.439941
19-11-2014,4675.709961
20-11-2014,4701.870117
21-11-2014,4712.970215
24-11-2014,4754.890137
25-11-2014,4758.25
26-11-2014,4787.319824
28-11-2014,4791.629883
01-12-2014,4727.350098
02-12-2014,4755.810059
03-12-2014,4774.470215
04-12-2014,4769.439941
05-12-2014,4780.759766
08-12-2014,4740.689941
09-12-2014,4766.470215
10-12-2014,4684.02002
11-12-2014,4708.160156
12-12-2014,4653.600098
15-12-2014,4605.160156
16-12-2014,4547.830078
17-12-2014,4644.310059
18-12-2014,4748.399902
19-12-2014,4765.379883
22-12-2014,4781.419922
23-12-2014,4765.419922
24-12-2014,4773.470215
26-12-2014,4806.859863
29-12-2014,4806.910156
30-12-2014,4777.439941
31-12-2014,4736.049805
02-01-2015,4726.810059
05-01-2015,4652.569824
06-01-2015,4592.740234
07-01-2015,4650.470215
08-01-2015,4736.189941
09-01-2015,4704.069824
12-01-2015,4664.709961
13-01-2015,4661.5
14-01-2015,4639.319824
15-01-2015,4570.819824
16-01-2015,4634.379883
20-01-2015,4654.850098
21-01-2015,4667.419922
22-01-2015,4750.399902
23-01-2015,4757.879883
26-01-2015,4771.759766
27-01-2015,4681.5
28-01-2015,4637.990234
29-01-2015,4683.410156
30-01-2015,4635.240234
02-02-2015,4676.689941
03-02-2015,4727.740234
04-02-2015,4716.700195
05-02-2015,4765.100098
06-02-2015,4744.399902
09-02-2015,4726.009766
10-02-2015,4787.640137
11-02-2015,4801.180176
12-02-2015,4857.609863
13-02-2015,4893.839844
17-02-2015,4899.27002
18-02-2015,4906.359863
19-02-2015,4924.700195
20-02-2015,4955.970215
23-02-2015,4960.970215
24-02-2015,4968.120117
25-02-2015,4967.140137
26-02-2015,4987.890137
27-02-2015,4963.529785
02-03-2015,5008.100098
03-03-2015,4979.899902
04-03-2015,4967.140137
05-03-2015,4982.810059
06-03-2015,4927.370117
09-03-2015,4942.439941
10-03-2015,4859.790039
11-03-2015,4849.939941
12-03-2015,4893.290039
13-03-2015,4871.759766
16-03-2015,4929.509766
17-03-2015,4937.430176
18-03-2015,4982.830078
19-03-2015,4992.379883
20-03-2015,5026.419922
23-03-2015,5010.970215
24-03-2015,4994.72998
25-03-2015,4876.52002
26-03-2015,4863.359863
27-03-2015,4891.220215
30-03-2015,4947.439941
31-03-2015,4900.879883
01-04-2015,4880.22998
02-04-2015,4886.939941
06-04-2015,4917.319824
07-04-2015,4910.22998
08-04-2015,4950.819824
09-04-2015,4974.560059
10-04-2015,4995.97998
13-04-2015,4988.25
14-04-2015,4977.290039
15-04-2015,5011.02002
16-04-2015,5007.790039
17-04-2015,4931.810059
20-04-2015,4994.600098
21-04-2015,5014.100098
22-04-2015,5035.169922
23-04-2015,5056.060059
24-04-2015,5092.080078
27-04-2015,5060.25
28-04-2015,5055.419922
29-04-2015,5023.640137
30-04-2015,4941.419922
01-05-2015,5005.390137
04-05-2015,5016.930176
05-05-2015,4939.330078
06-05-2015,4919.640137
07-05-2015,4945.540039
08-05-2015,5003.549805
11-05-2015,4993.569824
12-05-2015,4976.189941
13-05-2015,4981.689941
14-05-2015,5050.799805
15-05-2015,5048.290039
18-05-2015,5078.439941
19-05-2015,5070.029785
20-05-2015,5071.740234
21-05-2015,5090.790039
22-05-2015,5089.359863
26-05-2015,5032.75
27-05-2015,5106.589844
28-05-2015,5097.97998
29-05-2015,5070.029785
01-06-2015,5082.930176
02-06-2015,5076.52002
03-06-2015,5099.22998
04-06-2015,5059.120117
05-06-2015,5068.459961
08-06-2015,5021.629883
09-06-2015,5013.870117
10-06-2015,5076.689941
11-06-2015,5082.509766
12-06-2015,5051.100098
15-06-2015,5029.970215
16-06-2015,5055.549805
17-06-2015,5064.879883
18-06-2015,5132.950195
19-06-2015,5117
22-06-2015,5153.970215
23-06-2015,5160.089844
24-06-2015,5122.410156
25-06-2015,5112.189941
26-06-2015,5080.509766
29-06-2015,4958.470215
30-06-2015,4986.870117
01-07-2015,5013.120117
02-07-2015,5009.209961
06-07-2015,4991.939941
07-07-2015,4997.459961
08-07-2015,4909.759766
09-07-2015,4922.399902
10-07-2015,4997.700195
13-07-2015,5071.509766
14-07-2015,5104.890137
15-07-2015,5098.939941
16-07-2015,5163.180176
17-07-2015,5210.140137
20-07-2015,5218.859863
21-07-2015,5208.120117
22-07-2015,5171.77002
23-07-2015,5146.410156
24-07-2015,5088.629883
27-07-2015,5039.779785
28-07-2015,5089.209961
29-07-2015,5111.72998
30-07-2015,5128.779785
31-07-2015,5128.279785
03-08-2015,5115.379883
04-08-2015,5105.549805
05-08-2015,5139.939941
06-08-2015,5056.439941
07-08-2015,5043.540039
10-08-2015,5101.799805
11-08-2015,5036.790039
12-08-2015,5044.390137
13-08-2015,5033.560059
14-08-2015,5048.240234
17-08-2015,5091.700195
18-08-2015,5059.350098
19-08-2015,5019.049805
20-08-2015,4877.490234
21-08-2015,4706.040039
24-08-2015,4526.25
25-08-2015,4506.490234
26-08-2015,4697.540039
27-08-2015,4812.709961
28-08-2015,4828.319824
31-08-2015,4776.509766
01-09-2015,4636.100098
02-09-2015,4749.97998
03-09-2015,4733.5
04-09-2015,4683.919922
08-09-2015,4811.930176
09-09-2015,4756.529785
10-09-2015,4796.25
11-09-2015,4822.339844
14-09-2015,4805.759766
15-09-2015,4860.52002
16-09-2015,4889.240234
17-09-2015,4893.950195
18-09-2015,4827.22998
21-09-2015,4828.950195
22-09-2015,4756.720215
23-09-2015,4752.740234
24-09-2015,4734.47998
25-09-2015,4686.5
28-09-2015,4543.970215
29-09-2015,4517.319824
30-09-2015,4620.160156
01-10-2015,4627.080078
02-10-2015,4707.779785
05-10-2015,4781.259766
06-10-2015,4748.359863
07-10-2015,4791.149902
08-10-2015,4810.790039
09-10-2015,4830.470215
12-10-2015,4838.640137
13-10-2015,4796.609863
14-10-2015,4782.850098
15-10-2015,4870.100098
16-10-2015,4886.689941
19-10-2015,4905.470215
20-10-2015,4880.970215
21-10-2015,4840.120117
22-10-2015,4920.049805
23-10-2015,5031.859863
26-10-2015,5034.700195
27-10-2015,5030.149902
28-10-2015,5095.689941
29-10-2015,5074.27002
30-10-2015,5053.75
02-11-2015,5127.149902
03-11-2015,5145.129883
04-11-2015,5142.47998
05-11-2015,5127.740234
06-11-2015,5147.120117
09-11-2015,5095.299805
10-11-2015,5083.240234
11-11-2015,5067.02002
12-11-2015,5005.080078
13-11-2015,4927.879883
16-11-2015,4984.620117
17-11-2015,4986.02002
18-11-2015,5075.200195
19-11-2015,5073.640137
20-11-2015,5104.919922
23-11-2015,5102.47998
24-11-2015,5102.810059
25-11-2015,5116.140137
27-11-2015,5127.52002
30-11-2015,5108.669922
01-12-2015,5156.310059
02-12-2015,5123.220215
03-12-2015,5037.529785
04-12-2015,5142.27002
07-12-2015,5101.810059
08-12-2015,5098.240234
09-12-2015,5022.870117
10-12-2015,5045.169922
11-12-2015,4933.470215
14-12-2015,4952.22998
15-12-2015,4995.359863
16-12-2015,5071.129883
17-12-2015,5002.549805
18-12-2015,4923.080078
21-12-2015,4968.919922
22-12-2015,5001.109863
23-12-2015,5045.930176
24-12-2015,5048.490234
28-12-2015,5040.990234
29-12-2015,5107.939941
30-12-2015,5065.850098
31-12-2015,5007.410156
04-01-2016,4903.089844
05-01-2016,4891.430176
06-01-2016,4835.759766
07-01-2016,4689.430176
08-01-2016,4643.629883
11-01-2016,4637.990234
12-01-2016,4685.919922
13-01-2016,4526.060059
14-01-2016,4615
15-01-2016,4488.419922
19-01-2016,4476.950195
20-01-2016,4471.689941
21-01-2016,4472.060059
22-01-2016,4591.180176
25-01-2016,4518.490234
26-01-2016,4567.669922
27-01-2016,4468.169922
28-01-2016,4506.680176
29-01-2016,4613.950195
01-02-2016,4620.370117
02-02-2016,4516.950195
03-02-2016,4504.240234
04-02-2016,4509.560059
05-02-2016,4363.140137
08-02-2016,4283.75
09-02-2016,4268.759766
10-02-2016,4283.589844
11-02-2016,4266.839844
12-02-2016,4337.509766
16-02-2016,4435.959961
17-02-2016,4534.060059
18-02-2016,4487.540039
19-02-2016,4504.430176
22-02-2016,4570.609863
23-02-2016,4503.580078
24-02-2016,4542.609863
25-02-2016,4582.200195
26-02-2016,4590.470215
29-02-2016,4557.950195
01-03-2016,4689.600098
02-03-2016,4703.419922
03-03-2016,4707.419922
04-03-2016,4717.02002
07-03-2016,4708.25
08-03-2016,4648.819824
09-03-2016,4674.379883
10-03-2016,4662.160156
11-03-2016,4748.470215
14-03-2016,4750.279785
15-03-2016,4728.669922
16-03-2016,4763.970215
17-03-2016,4774.990234
18-03-2016,4795.649902
21-03-2016,4808.870117
22-03-2016,4821.660156
23-03-2016,4768.859863
24-03-2016,4773.5
28-03-2016,4766.790039
29-03-2016,4846.620117
30-03-2016,4869.290039
31-03-2016,4869.850098
01-04-2016,4914.540039
04-04-2016,4891.799805
05-04-2016,4843.930176
06-04-2016,4920.720215
07-04-2016,4848.370117
08-04-2016,4850.689941
11-04-2016,4833.399902
12-04-2016,4872.089844
13-04-2016,4947.419922
14-04-2016,4945.890137
15-04-2016,4938.220215
18-04-2016,4960.02002
19-04-2016,4940.330078
20-04-2016,4948.129883
21-04-2016,4945.890137
22-04-2016,4906.22998
25-04-2016,4895.790039
26-04-2016,4888.279785
27-04-2016,4863.140137
28-04-2016,4805.290039
29-04-2016,4775.359863
02-05-2016,4817.589844
03-05-2016,4763.220215
04-05-2016,4725.640137
05-05-2016,4717.089844
06-05-2016,4736.160156
09-05-2016,4750.209961
10-05-2016,4809.879883
11-05-2016,4760.689941
12-05-2016,4737.330078
13-05-2016,4717.680176
16-05-2016,4775.459961
17-05-2016,4715.72998
18-05-2016,4739.120117
19-05-2016,4712.529785
20-05-2016,4769.560059
23-05-2016,4765.779785
24-05-2016,4861.060059
25-05-2016,4894.890137
26-05-2016,4901.77002
27-05-2016,4933.5
31-05-2016,4948.049805
01-06-2016,4952.25
02-06-2016,4971.359863
03-06-2016,4942.52002
06-06-2016,4968.709961
07-06-2016,4961.75
08-06-2016,4974.640137
09-06-2016,4958.620117
10-06-2016,4894.549805
13-06-2016,4848.439941
14-06-2016,4843.549805
15-06-2016,4834.930176
16-06-2016,4844.919922
17-06-2016,4800.339844
20-06-2016,4837.209961
21-06-2016,4843.759766
22-06-2016,4833.319824
23-06-2016,4910.040039
24-06-2016,4707.97998
27-06-2016,4594.439941
28-06-2016,4691.870117
29-06-2016,4779.25
30-06-2016,4842.669922
01-07-2016,4862.569824
05-07-2016,4822.899902
06-07-2016,4859.160156
07-07-2016,4876.810059
08-07-2016,4956.759766
11-07-2016,4988.640137
12-07-2016,5022.819824
13-07-2016,5005.72998
14-07-2016,5034.060059
15-07-2016,5029.589844
18-07-2016,5055.779785
19-07-2016,5036.370117
20-07-2016,5089.930176
21-07-2016,5073.899902
22-07-2016,5100.160156
25-07-2016,5097.629883
26-07-2016,5110.049805
27-07-2016,5139.810059
28-07-2016,5154.97998
29-07-2016,5162.129883
01-08-2016,5184.200195
02-08-2016,5137.72998
03-08-2016,5159.740234
04-08-2016,5166.25
05-08-2016,5221.120117
08-08-2016,5213.140137
09-08-2016,5225.47998
10-08-2016,5204.580078
11-08-2016,5228.399902
12-08-2016,5232.890137
15-08-2016,5262.02002
16-08-2016,5227.109863
17-08-2016,5228.660156
18-08-2016,5240.149902
19-08-2016,5238.379883
22-08-2016,5244.600098
23-08-2016,5260.080078
24-08-2016,5217.689941
25-08-2016,5212.200195
26-08-2016,5218.919922
29-08-2016,5232.330078
30-08-2016,5222.990234
31-08-2016,5213.220215
01-09-2016,5227.209961
02-09-2016,5249.899902
06-09-2016,5275.910156
07-09-2016,5283.930176
08-09-2016,5259.47998
09-09-2016,5125.910156
12-09-2016,5211.890137
13-09-2016,5155.25
14-09-2016,5173.77002
15-09-2016,5249.689941
16-09-2016,5244.569824
19-09-2016,5235.029785
20-09-2016,5241.350098
21-09-2016,5295.180176
22-09-2016,5339.52002
23-09-2016,5305.75
26-09-2016,5257.490234
27-09-2016,5305.709961
28-09-2016,5318.549805
29-09-2016,5269.149902
30-09-2016,5312
03-10-2016,5300.870117
04-10-2016,5289.660156
05-10-2016,5316.02002
06-10-2016,5306.850098
07-10-2016,5292.399902
10-10-2016,5328.669922
11-10-2016,5246.790039
12-10-2016,5239.02002
13-10-2016,5213.330078
14-10-2016,5214.160156
17-10-2016,5199.819824
18-10-2016,5243.839844
19-10-2016,5246.410156
20-10-2016,5241.830078
21-10-2016,5257.399902
24-10-2016,5309.830078
25-10-2016,5283.399902
26-10-2016,5250.27002
27-10-2016,5215.970215
28-10-2016,5190.100098
31-10-2016,5189.140137
01-11-2016,5153.580078
02-11-2016,5105.569824
03-11-2016,5058.410156
04-11-2016,5046.370117
07-11-2016,5166.169922
08-11-2016,5193.490234
09-11-2016,5251.069824
10-11-2016,5208.799805
11-11-2016,5237.109863
14-11-2016,5218.399902
15-11-2016,5275.620117
16-11-2016,5294.580078
17-11-2016,5333.970215
18-11-2016,5321.509766
21-11-2016,5368.859863
22-11-2016,5386.350098
23-11-2016,5380.680176
25-11-2016,5398.919922
28-11-2016,5368.810059
29-11-2016,5379.919922
30-11-2016,5323.680176
01-12-2016,5251.109863
02-12-2016,5255.649902
05-12-2016,5308.890137
06-12-2016,5333
07-12-2016,5393.759766
08-12-2016,5417.359863
09-12-2016,5444.5
12-12-2016,5412.540039
13-12-2016,5463.830078
14-12-2016,5436.669922
15-12-2016,5456.850098
16-12-2016,5437.160156
19-12-2016,5457.439941
20-12-2016,5483.939941
21-12-2016,5471.430176
22-12-2016,5447.419922
23-12-2016,5462.689941
27-12-2016,5487.439941
28-12-2016,5438.560059
29-12-2016,5432.089844
30-12-2016,5383.120117
03-01-2017,5429.080078
04-01-2017,5477
05-01-2017,5487.939941
06-01-2017,5521.060059
09-01-2017,5531.819824
10-01-2017,5551.819824
11-01-2017,5563.649902
12-01-2017,5547.490234
13-01-2017,5574.120117
17-01-2017,5538.72998
18-01-2017,5555.649902
19-01-2017,5540.080078
20-01-2017,5555.330078
23-01-2017,5552.939941
24-01-2017,5600.959961
25-01-2017,5656.339844
26-01-2017,5655.180176
27-01-2017,5660.779785
30-01-2017,5613.709961
31-01-2017,5614.790039
01-02-2017,5642.649902
02-02-2017,5636.200195
03-02-2017,5666.77002
06-02-2017,5663.549805
07-02-2017,5674.220215
08-02-2017,5682.450195
09-02-2017,5715.180176
10-02-2017,5734.129883
13-02-2017,5763.959961
14-02-2017,5782.569824
15-02-2017,5819.439941
16-02-2017,5814.899902
17-02-2017,5838.580078
21-02-2017,5865.950195
22-02-2017,5860.629883
23-02-2017,5835.509766
24-02-2017,5845.310059
27-02-2017,5861.899902
28-02-2017,5825.439941
01-03-2017,5904.029785
02-03-2017,5861.220215
03-03-2017,5870.75
06-03-2017,5849.180176
07-03-2017,5833.930176
08-03-2017,5837.549805
09-03-2017,5838.810059
10-03-2017,5861.72998
13-03-2017,5875.779785
14-03-2017,5856.819824
15-03-2017,5900.049805
16-03-2017,5900.759766
17-03-2017,5901
20-03-2017,5901.529785
21-03-2017,5793.830078
22-03-2017,5821.640137
23-03-2017,5817.689941
24-03-2017,5828.740234
27-03-2017,5840.370117
28-03-2017,5875.140137
29-03-2017,5897.549805
30-03-2017,5914.339844
31-03-2017,5911.740234
03-04-2017,5894.680176
04-04-2017,5898.609863
05-04-2017,5864.47998
06-04-2017,5878.950195
07-04-2017,5877.810059
10-04-2017,5880.930176
11-04-2017,5866.77002
12-04-2017,5836.160156
13-04-2017,5805.149902
17-04-2017,5856.790039
18-04-2017,5849.470215
19-04-2017,5863.029785
20-04-2017,5916.779785
21-04-2017,5910.52002
24-04-2017,5983.819824
25-04-2017,6025.490234
26-04-2017,6025.22998
27-04-2017,6048.939941
28-04-2017,6047.609863
01-05-2017,6091.600098
02-05-2017,6095.370117
03-05-2017,6072.549805
04-05-2017,6075.339844
05-05-2017,6100.759766
08-05-2017,6102.660156
09-05-2017,6120.589844
10-05-2017,6129.140137
11-05-2017,6115.959961
12-05-2017,6121.22998
15-05-2017,6149.669922
16-05-2017,6169.870117
17-05-2017,6011.240234
18-05-2017,6055.129883
19-05-2017,6083.700195
22-05-2017,6133.620117
23-05-2017,6138.709961
24-05-2017,6163.02002
25-05-2017,6205.259766
26-05-2017,6210.189941
30-05-2017,6203.189941
31-05-2017,6198.52002
01-06-2017,6246.830078
02-06-2017,6305.799805
05-06-2017,6295.680176
06-06-2017,6275.060059
07-06-2017,6297.379883
08-06-2017,6321.759766
09-06-2017,6207.919922
12-06-2017,6175.459961
13-06-2017,6220.370117
14-06-2017,6194.890137
15-06-2017,6165.5
16-06-2017,6151.759766
19-06-2017,6239.009766
20-06-2017,6188.029785
21-06-2017,6233.950195
22-06-2017,6236.689941
23-06-2017,6265.25
26-06-2017,6247.149902
27-06-2017,6146.620117
28-06-2017,6234.410156
29-06-2017,6144.350098
30-06-2017,6140.419922
03-07-2017,6110.060059
05-07-2017,6150.859863
06-07-2017,6089.459961
07-07-2017,6153.080078
10-07-2017,6176.390137
11-07-2017,6193.299805
12-07-2017,6261.169922
13-07-2017,6274.439941
14-07-2017,6312.470215
17-07-2017,6314.430176
18-07-2017,6344.310059
19-07-2017,6385.040039
20-07-2017,6390
21-07-2017,6387.75
24-07-2017,6410.810059
25-07-2017,6412.169922
26-07-2017,6422.75
27-07-2017,6382.189941
28-07-2017,6374.680176
31-07-2017,6348.120117
01-08-2017,6362.939941
02-08-2017,6362.649902
03-08-2017,6340.339844
04-08-2017,6351.560059
07-08-2017,6383.77002
08-08-2017,6370.459961
09-08-2017,6352.330078
10-08-2017,6216.870117
11-08-2017,6256.560059
14-08-2017,6340.22998
15-08-2017,6333.009766
16-08-2017,6345.109863
17-08-2017,6221.910156
18-08-2017,6216.529785
21-08-2017,6213.129883
22-08-2017,6297.47998
23-08-2017,6278.410156
24-08-2017,6271.330078
25-08-2017,6265.640137
28-08-2017,6283.02002
29-08-2017,6301.890137
30-08-2017,6368.310059
31-08-2017,6428.660156
01-09-2017,6435.330078
05-09-2017,6375.569824
06-09-2017,6393.310059
07-09-2017,6397.870117
08-09-2017,6360.189941
11-09-2017,6432.259766
12-09-2017,6454.279785
13-09-2017,6460.189941
14-09-2017,6429.080078
15-09-2017,6448.470215
18-09-2017,6454.640137
19-09-2017,6461.319824
20-09-2017,6456.040039
21-09-2017,6422.689941
22-09-2017,6426.919922
25-09-2017,6370.589844
26-09-2017,6380.160156
27-09-2017,6453.259766
28-09-2017,6453.450195
29-09-2017,6495.959961
02-10-2017,6516.720215
03-10-2017,6531.709961
04-10-2017,6534.629883
05-10-2017,6585.359863
06-10-2017,6590.180176
09-10-2017,6579.72998
10-10-2017,6587.25
11-10-2017,6603.549805
12-10-2017,6591.509766
13-10-2017,6605.799805
16-10-2017,6624
17-10-2017,6623.660156
18-10-2017,6624.220215
19-10-2017,6605.069824
20-10-2017,6629.049805
23-10-2017,6586.830078
24-10-2017,6598.430176
25-10-2017,6563.890137
26-10-2017,6556.77002
27-10-2017,6701.259766
30-10-2017,6698.959961
31-10-2017,6727.669922
01-11-2017,6716.529785
02-11-2017,6714.939941
03-11-2017,6764.439941
06-11-2017,6786.439941
07-11-2017,6767.779785
08-11-2017,6789.120117
09-11-2017,6750.049805
10-11-2017,6750.939941
13-11-2017,6757.600098
14-11-2017,6737.870117
15-11-2017,6706.209961
16-11-2017,6793.290039
17-11-2017,6782.790039
20-11-2017,6790.709961
21-11-2017,6862.47998
22-11-2017,6867.359863
24-11-2017,6889.160156
27-11-2017,6878.52002
28-11-2017,6912.359863
29-11-2017,6824.390137
30-11-2017,6873.970215
01-12-2017,6847.589844
04-12-2017,6775.370117
05-12-2017,6762.209961
06-12-2017,6776.379883
07-12-2017,6812.839844
08-12-2017,6840.080078
11-12-2017,6875.080078
12-12-2017,6862.319824
13-12-2017,6875.799805
14-12-2017,6856.529785
15-12-2017,6936.580078
18-12-2017,6994.759766
19-12-2017,6963.850098
20-12-2017,6960.959961
21-12-2017,6965.359863
22-12-2017,6959.959961
26-12-2017,6936.25
27-12-2017,6939.339844
28-12-2017,6950.160156
29-12-2017,6903.390137
02-01-2018,7006.899902
03-01-2018,7065.529785
04-01-2018,7077.910156
05-01-2018,7136.560059
08-01-2018,7157.390137
09-01-2018,7163.580078
10-01-2018,7153.569824
11-01-2018,7211.779785
12-01-2018,7261.060059
16-01-2018,7223.689941
17-01-2018,7298.279785
18-01-2018,7296.049805
19-01-2018,7336.379883
22-01-2018,7408.029785
23-01-2018,7460.290039
24-01-2018,7415.060059
25-01-2018,7411.160156
26-01-2018,7505.77002
29-01-2018,7466.509766
30-01-2018,7402.47998
31-01-2018,7411.47998
01-02-2018,7385.859863
02-02-2018,7240.950195
05-02-2018,6967.529785
06-02-2018,7115.879883
07-02-2018,7051.97998
08-02-2018,6777.160156
09-02-2018,6874.490234
12-02-2018,6981.959961
13-02-2018,7013.509766
14-02-2018,7143.620117
15-02-2018,7256.430176
16-02-2018,7239.470215
20-02-2018,7234.310059
21-02-2018,7218.22998
22-02-2018,7210.089844
23-02-2018,7337.390137
26-02-2018,7421.459961
27-02-2018,7330.350098
28-02-2018,7273.009766
01-03-2018,7180.560059
02-03-2018,7257.870117
05-03-2018,7330.709961
06-03-2018,7372.009766
07-03-2018,7396.649902
08-03-2018,7427.950195
09-03-2018,7560.810059
12-03-2018,7588.319824
13-03-2018,7511.009766
14-03-2018,7496.810059
15-03-2018,7481.740234
16-03-2018,7481.990234
19-03-2018,7344.240234
20-03-2018,7364.299805
21-03-2018,7345.290039
22-03-2018,7166.680176
23-03-2018,6992.669922
26-03-2018,7220.540039
27-03-2018,7008.810059
28-03-2018,6949.22998
29-03-2018,7063.450195
02-04-2018,6870.120117
03-04-2018,6941.279785
04-04-2018,7042.109863
05-04-2018,7076.549805
06-04-2018,6915.109863
09-04-2018,6950.339844
10-04-2018,7094.299805
11-04-2018,7069.029785
12-04-2018,7140.25
13-04-2018,7106.649902
16-04-2018,7156.279785
17-04-2018,7281.100098
18-04-2018,7295.240234
19-04-2018,7238.060059
20-04-2018,7146.129883
23-04-2018,7128.600098
24-04-2018,7007.350098
25-04-2018,7003.740234
26-04-2018,7118.680176
27-04-2018,7119.799805
30-04-2018,7066.27002
01-05-2018,7130.700195
02-05-2018,7100.899902
03-05-2018,7088.149902
04-05-2018,7209.620117
07-05-2018,7265.209961
08-05-2018,7266.899902
09-05-2018,7339.910156
10-05-2018,7404.970215
11-05-2018,7402.879883
14-05-2018,7411.319824
15-05-2018,7351.629883
16-05-2018,7398.299805
17-05-2018,7382.470215
18-05-2018,7354.339844
21-05-2018,7394.040039
22-05-2018,7378.459961
23-05-2018,7425.959961
24-05-2018,7424.430176
25-05-2018,7433.850098
29-05-2018,7396.589844
30-05-2018,7462.450195
31-05-2018,7442.120117
01-06-2018,7554.330078
04-06-2018,7606.459961
05-06-2018,7637.859863
06-06-2018,7689.240234
07-06-2018,7635.069824
08-06-2018,7645.509766
11-06-2018,7659.930176
12-06-2018,7703.790039
13-06-2018,7695.700195
14-06-2018,7761.040039
15-06-2018,7746.379883
18-06-2018,7747.029785
19-06-2018,7725.589844
20-06-2018,7781.509766
21-06-2018,7712.950195
22-06-2018,7692.819824
25-06-2018,7532.009766
26-06-2018,7561.629883
27-06-2018,7445.080078
28-06-2018,7503.680176
29-06-2018,7510.299805
02-07-2018,7567.689941
03-07-2018,7502.669922
05-07-2018,7586.430176
06-07-2018,7688.390137
09-07-2018,7756.200195
10-07-2018,7759.200195
11-07-2018,7716.609863
12-07-2018,7823.919922
13-07-2018,7825.97998
16-07-2018,7805.720215
17-07-2018,7855.120117
18-07-2018,7854.439941
19-07-2018,7825.299805
20-07-2018,7820.200195
23-07-2018,7841.870117
24-07-2018,7840.77002
25-07-2018,7932.240234
26-07-2018,7852.180176
27-07-2018,7737.419922
30-07-2018,7630
31-07-2018,7671.790039
01-08-2018,7707.290039
02-08-2018,7802.689941
03-08-2018,7812.009766
06-08-2018,7859.680176
07-08-2018,7883.660156
08-08-2018,7888.330078
09-08-2018,7891.779785
10-08-2018,7839.109863
13-08-2018,7819.709961
14-08-2018,7870.890137
15-08-2018,7774.120117
16-08-2018,7806.52002
17-08-2018,7816.330078
20-08-2018,7821.009766
21-08-2018,7859.169922
22-08-2018,7889.100098
23-08-2018,7878.459961
24-08-2018,7945.97998
27-08-2018,8017.899902
28-08-2018,8030.040039
29-08-2018,8109.689941
30-08-2018,8088.359863
31-08-2018,8109.540039
04-09-2018,8091.25
05-09-2018,7995.169922
06-09-2018,7922.72998
07-09-2018,7902.540039
10-09-2018,7924.160156
11-09-2018,7972.470215
12-09-2018,7954.22998
13-09-2018,8013.709961
14-09-2018,8010.040039
17-09-2018,7895.790039
18-09-2018,7956.109863
19-09-2018,7950.040039
20-09-2018,8028.22998
21-09-2018,7986.959961
24-09-2018,7993.25
25-09-2018,8007.470215
26-09-2018,7990.370117
27-09-2018,8041.970215
28-09-2018,8046.350098
01-10-2018,8037.299805
02-10-2018,7999.549805
03-10-2018,8025.089844
04-10-2018,7879.509766
05-10-2018,7788.450195
08-10-2018,7735.950195
09-10-2018,7738.02002
10-10-2018,7422.049805
11-10-2018,7329.060059
12-10-2018,7496.890137
15-10-2018,7430.740234
16-10-2018,7645.490234
17-10-2018,7642.700195
18-10-2018,7485.140137
19-10-2018,7449.029785
22-10-2018,7468.629883
23-10-2018,7437.540039
24-10-2018,7108.399902
25-10-2018,7318.339844
26-10-2018,7167.209961
29-10-2018,7050.290039
30-10-2018,7161.649902
31-10-2018,7305.899902
01-11-2018,7434.060059
02-11-2018,7356.990234
05-11-2018,7328.850098
06-11-2018,7375.959961
07-11-2018,7570.75
08-11-2018,7530.879883
09-11-2018,7406.899902
12-11-2018,7200.870117
13-11-2018,7200.870117
14-11-2018,7136.390137
15-11-2018,7259.029785
16-11-2018,7247.870117
19-11-2018,7028.47998
20-11-2018,6908.819824
21-11-2018,6972.25
23-11-2018,6938.97998
26-11-2018,7081.850098
27-11-2018,7082.700195
28-11-2018,7291.589844
29-11-2018,7273.080078
30-11-2018,7330.540039
03-12-2018,7441.509766
04-12-2018,7158.430176
06-12-2018,7188.259766
07-12-2018,6969.25
10-12-2018,7020.52002
11-12-2018,7031.830078
12-12-2018,7098.310059
13-12-2018,7070.330078
14-12-2018,6910.660156
17-12-2018,6753.72998
18-12-2018,6783.910156
19-12-2018,6636.830078
20-12-2018,6528.410156
21-12-2018,6332.990234
24-12-2018,6192.919922
26-12-2018,6554.359863
27-12-2018,6579.490234
28-12-2018,6584.52002
31-12-2018,6635.279785
02-01-2019,6665.939941
03-01-2019,6463.5
04-01-2019,6738.859863
07-01-2019,6823.470215
08-01-2019,6897
09-01-2019,6957.080078
10-01-2019,6986.069824
11-01-2019,6971.47998
14-01-2019,6905.919922
15-01-2019,7023.830078
16-01-2019,7034.689941
17-01-2019,7084.459961
18-01-2019,7157.22998
22-01-2019,7020.359863
23-01-2019,7025.77002
24-01-2019,7073.459961
25-01-2019,7164.859863
28-01-2019,7085.680176
29-01-2019,7028.290039
30-01-2019,7183.080078
31-01-2019,7281.740234
01-02-2019,7263.870117
04-02-2019,7347.540039
05-02-2019,7402.080078
06-02-2019,7375.279785
07-02-2019,7288.350098
08-02-2019,7298.200195
11-02-2019,7307.899902
12-02-2019,7414.620117
13-02-2019,7420.379883
14-02-2019,7426.950195
15-02-2019,7472.410156
19-02-2019,7486.77002
20-02-2019,7489.069824
21-02-2019,7459.709961
22-02-2019,7527.540039
25-02-2019,7554.459961
26-02-2019,7549.299805
27-02-2019,7554.509766
28-02-2019,7532.529785
01-03-2019,7595.350098
04-03-2019,7577.569824
05-03-2019,7576.359863
06-03-2019,7505.919922
07-03-2019,7421.459961
08-03-2019,7408.140137
11-03-2019,7558.060059
12-03-2019,7591.029785
13-03-2019,7643.410156
14-03-2019,7630.910156
15-03-2019,7688.529785
18-03-2019,7714.47998
19-03-2019,7723.950195
20-03-2019,7728.970215
21-03-2019,7838.959961
22-03-2019,7642.669922
25-03-2019,7637.540039
26-03-2019,7691.52002
27-03-2019,7643.379883
28-03-2019,7669.169922
29-03-2019,7729.319824
01-04-2019,7828.910156
02-04-2019,7848.689941
03-04-2019,7895.549805
04-04-2019,7891.779785
05-04-2019,7938.689941
08-04-2019,7953.879883
09-04-2019,7909.279785
10-04-2019,7964.240234
11-04-2019,7947.359863
12-04-2019,7984.160156
15-04-2019,7976.009766
16-04-2019,8000.22998
17-04-2019,7996.080078
18-04-2019,7998.060059
22-04-2019,8015.27002
23-04-2019,8120.819824
24-04-2019,8102.009766
25-04-2019,8118.680176
26-04-2019,8146.399902
29-04-2019,8161.850098
30-04-2019,8095.390137
01-05-2019,8049.640137
02-05-2019,8036.77002
03-05-2019,8164
06-05-2019,8123.290039
07-05-2019,7963.759766
08-05-2019,7943.319824
09-05-2019,7910.589844
10-05-2019,7916.939941
13-05-2019,7647.02002
14-05-2019,7734.490234
15-05-2019,7822.149902
16-05-2019,7898.049805
17-05-2019,7816.279785
20-05-2019,7702.379883
21-05-2019,7785.720215
22-05-2019,7750.839844
23-05-2019,7628.279785
24-05-2019,7637.009766
28-05-2019,7607.350098
29-05-2019,7547.310059
30-05-2019,7567.720215
31-05-2019,7453.149902
03-06-2019,7333.02002
04-06-2019,7527.120117
05-06-2019,7575.47998
06-06-2019,7615.549805
07-06-2019,7742.100098
10-06-2019,7823.169922
11-06-2019,7822.569824
12-06-2019,7792.720215
13-06-2019,7837.129883
14-06-2019,7796.660156
17-06-2019,7845.02002
18-06-2019,7953.879883
19-06-2019,7987.319824
20-06-2019,8051.339844
21-06-2019,8031.709961
24-06-2019,8005.700195
25-06-2019,7884.720215
26-06-2019,7909.970215
27-06-2019,7967.759766
28-06-2019,8006.240234
01-07-2019,8091.160156
02-07-2019,8109.089844
03-07-2019,8170.22998
05-07-2019,8161.790039
08-07-2019,8098.379883
09-07-2019,8141.72998
10-07-2019,8202.530273
11-07-2019,8196.040039
12-07-2019,8244.139648
15-07-2019,8258.19043
16-07-2019,8222.799805
17-07-2019,8185.209961
18-07-2019,8207.240234
19-07-2019,8146.490234
22-07-2019,8204.139648
23-07-2019,8251.400391
24-07-2019,8321.5
25-07-2019,8238.540039
26-07-2019,8330.209961
29-07-2019,8293.330078
30-07-2019,8273.610352
31-07-2019,8175.419922
01-08-2019,8111.120117
02-08-2019,8004.069824
05-08-2019,7726.040039
06-08-2019,7833.27002
07-08-2019,7862.830078
08-08-2019,8039.160156
09-08-2019,7959.140137
12-08-2019,7863.410156
13-08-2019,8016.359863
14-08-2019,7773.939941
15-08-2019,7766.620117
16-08-2019,7895.990234
19-08-2019,8002.810059
20-08-2019,7948.560059
21-08-2019,8020.209961
22-08-2019,7991.390137
23-08-2019,7751.77002
26-08-2019,7853.740234
27-08-2019,7826.950195
28-08-2019,7856.879883
29-08-2019,7973.390137
30-08-2019,7962.879883
03-09-2019,7874.160156
04-09-2019,7976.879883
05-09-2019,8116.830078
06-09-2019,8103.069824
09-09-2019,8087.439941
10-09-2019,8084.160156
11-09-2019,8169.680176
12-09-2019,8194.469727
13-09-2019,8176.709961
16-09-2019,8153.540039
17-09-2019,8186.02002
18-09-2019,8177.390137
19-09-2019,8182.879883
20-09-2019,8117.669922
23-09-2019,8112.459961
24-09-2019,7993.629883
25-09-2019,8077.379883
26-09-2019,8030.660156
27-09-2019,7939.629883
30-09-2019,7999.339844
01-10-2019,7908.680176
02-10-2019,7785.25
03-10-2019,7872.259766
04-10-2019,7982.470215
07-10-2019,7956.290039
08-10-2019,7823.779785
09-10-2019,7903.740234
10-10-2019,7950.779785
11-10-2019,8057.040039
14-10-2019,8048.649902
15-10-2019,8148.709961
16-10-2019,8124.180176
17-10-2019,8156.850098
18-10-2019,8089.540039
21-10-2019,8162.990234
22-10-2019,8104.299805
23-10-2019,8119.790039
24-10-2019,8185.799805
25-10-2019,8243.120117
28-10-2019,8325.990234
29-10-2019,8276.849609
30-10-2019,8303.980469
31-10-2019,8292.360352
01-11-2019,8386.400391
04-11-2019,8433.200195
05-11-2019,8434.679688
06-11-2019,8410.629883
07-11-2019,8434.519531
08-11-2019,8475.30957
11-11-2019,8464.280273
12-11-2019,8486.089844
13-11-2019,8482.099609
14-11-2019,8479.019531
15-11-2019,8540.830078
18-11-2019,8549.94043
19-11-2019,8570.660156
20-11-2019,8526.730469
21-11-2019,8506.209961
22-11-2019,8519.879883
25-11-2019,8632.490234
26-11-2019,8647.929688
27-11-2019,8705.179688
29-11-2019,8665.469727
02-12-2019,8567.990234
03-12-2019,8520.639648
04-12-2019,8566.669922
05-12-2019,8570.700195
06-12-2019,8656.530273
09-12-2019,8621.830078
10-12-2019,8616.179688
11-12-2019,8654.049805
12-12-2019,8717.320313
13-12-2019,8734.879883
16-12-2019,8814.230469
17-12-2019,8823.360352
18-12-2019,8827.740234
19-12-2019,8887.219727
20-12-2019,8924.959961
23-12-2019,8945.650391
24-12-2019,8952.879883
26-12-2019,9022.389648
27-12-2019,9006.620117
30-12-2019,8945.990234
31-12-2019,8972.599609
02-01-2020,9092.19043
03-01-2020,9020.769531
06-01-2020,9071.469727
07-01-2020,9068.580078
08-01-2020,9129.240234
09-01-2020,9203.429688
10-01-2020,9178.860352
13-01-2020,9273.929688
14-01-2020,9251.330078
15-01-2020,9258.700195
16-01-2020,9357.129883
17-01-2020,9388.94043
21-01-2020,9370.80957
22-01-2020,9383.769531
23-01-2020,9402.480469
24-01-2020,9314.910156
27-01-2020,9139.30957
28-01-2020,9269.679688
29-01-2020,9275.160156
30-01-2020,9298.929688
31-01-2020,9150.94043
03-02-2020,9273.400391
04-02-2020,9467.969727
05-02-2020,9508.679688
06-02-2020,9572.150391
07-02-2020,9520.509766
10-02-2020,9628.389648
11-02-2020,9638.94043
12-02-2020,9725.959961
13-02-2020,9711.969727
14-02-2020,9731.179688
18-02-2020,9732.740234
19-02-2020,9817.179688
20-02-2020,9750.969727
21-02-2020,9576.589844
24-02-2020,9221.280273
25-02-2020,8965.610352
26-02-2020,8980.780273
27-02-2020,8566.480469
28-02-2020,8567.370117
02-03-2020,8952.169922
03-03-2020,8684.089844
04-03-2020,9018.089844
05-03-2020,8738.589844
06-03-2020,8575.620117
09-03-2020,7950.680176
10-03-2020,8344.25
11-03-2020,7952.049805
12-03-2020,7201.799805
13-03-2020,7874.879883
16-03-2020,6904.589844
17-03-2020,7334.779785
18-03-2020,6989.839844
19-03-2020,7150.580078
20-03-2020,6879.52002
23-03-2020,6860.669922
24-03-2020,7417.859863
25-03-2020,7384.299805
26-03-2020,7797.540039
27-03-2020,7502.379883
30-03-2020,7774.149902
31-03-2020,7700.100098
01-04-2020,7360.580078
02-04-2020,7487.310059
03-04-2020,7373.080078
06-04-2020,7913.240234
07-04-2020,7887.259766
08-04-2020,8090.899902
09-04-2020,8153.580078
13-04-2020,8192.419922
14-04-2020,8515.740234
15-04-2020,8393.179688
16-04-2020,8532.360352
17-04-2020,8650.139648
20-04-2020,8560.730469
21-04-2020,8263.230469
22-04-2020,8495.379883
23-04-2020,8494.75
24-04-2020,8634.519531
27-04-2020,8730.160156
28-04-2020,8607.730469
29-04-2020,8914.709961
30-04-2020,8889.549805
01-05-2020,8604.950195
04-05-2020,8710.709961
05-05-2020,8809.120117
06-05-2020,8854.389648
07-05-2020,8979.660156
08-05-2020,9121.320313
11-05-2020,9192.339844
12-05-2020,9002.549805
13-05-2020,8863.169922
14-05-2020,8943.719727
15-05-2020,9014.55957
18-05-2020,9234.830078
19-05-2020,9185.099609
20-05-2020,9375.780273
21-05-2020,9284.879883
22-05-2020,9324.589844
26-05-2020,9340.219727
27-05-2020,9412.360352
28-05-2020,9368.990234
29-05-2020,9489.870117
01-06-2020,9552.049805
02-06-2020,9608.379883
03-06-2020,9682.910156
04-06-2020,9615.80957
05-06-2020,9814.080078
08-06-2020,9924.75
09-06-2020,9953.75
10-06-2020,10020.34961
11-06-2020,9492.730469
12-06-2020,9588.80957
15-06-2020,9726.019531
16-06-2020,9895.870117
17-06-2020,9910.530273
18-06-2020,9943.049805
19-06-2020,9946.120117
22-06-2020,10056.48047
23-06-2020,10131.37012
24-06-2020,9909.169922
25-06-2020,10017
26-06-2020,9757.219727
29-06-2020,9874.150391
30-06-2020,10058.76953
01-07-2020,10154.62988
02-07-2020,10207.62988
06-07-2020,10433.65039
07-07-2020,10343.88965
08-07-2020,10492.5
09-07-2020,10547.75
10-07-2020,10617.44043
13-07-2020,10390.83984
14-07-2020,10488.58008
15-07-2020,10550.49023
16-07-2020,10473.83008
17-07-2020,10503.19043
20-07-2020,10767.08984
21-07-2020,10680.36035
22-07-2020,10706.12988
23-07-2020,10461.41992
24-07-2020,10363.17969
27-07-2020,10536.26953
28-07-2020,10402.08984
29-07-2020,10542.94043
30-07-2020,10587.80957
31-07-2020,10745.26953
03-08-2020,10902.79981
04-08-2020,10941.16992
05-08-2020,10998.40039
06-08-2020,11108.07031
07-08-2020,11010.98047
10-08-2020,10968.36035
11-08-2020,10782.82031
12-08-2020,11012.24023
13-08-2020,11042.5
14-08-2020,11019.29981
17-08-2020,11129.73047
18-08-2020,11210.83984
19-08-2020,11146.45996
20-08-2020,11264.9502
21-08-2020,11311.79981
24-08-2020,11379.71973
25-08-2020,11466.46973
26-08-2020,11665.05957
27-08-2020,11625.33984
28-08-2020,11695.62988
31-08-2020,11775.45996
01-09-2020,11939.66992
02-09-2020,12056.44043
03-09-2020,11458.09961
04-09-2020,11313.12988
08-09-2020,10847.69043
09-09-2020,11141.55957
10-09-2020,10919.58984
11-09-2020,10853.54981
14-09-2020,11056.65039
15-09-2020,11190.32031
16-09-2020,11050.46973
17-09-2020,10910.28027
18-09-2020,10793.28027
21-09-2020,10778.79981
22-09-2020,10963.63965
23-09-2020,10632.99023
24-09-2020,10672.26953
25-09-2020,10913.55957
28-09-2020,11117.53027
29-09-2020,11085.25
30-09-2020,11167.50977
01-10-2020,11326.50977
02-10-2020,11075.01953
05-10-2020,11332.49023
06-10-2020,11154.59961
07-10-2020,11364.59961
08-10-2020,11420.98047
09-10-2020,11579.94043
12-10-2020,11876.25977
13-10-2020,11863.90039
14-10-2020,11768.73047
15-10-2020,11713.87012
16-10-2020,11671.55957
19-10-2020,11478.87988
20-10-2020,11516.49023
21-10-2020,11484.69043
22-10-2020,11506.00977
23-10-2020,11548.28027
26-10-2020,11358.94043
27-10-2020,11431.34961
28-10-2020,11004.87012
29-10-2020,11185.58984
30-10-2020,10911.58984
02-11-2020,10957.61035
03-11-2020,11160.57031
04-11-2020,11590.78027
05-11-2020,11890.92969
06-11-2020,11895.23047
09-11-2020,11713.78027
10-11-2020,11553.86035
11-11-2020,11786.42969
12-11-2020,11709.58984
13-11-2020,11829.29004
16-11-2020,11924.12988
17-11-2020,11899.33984
18-11-2020,11801.59961
19-11-2020,11904.70996
20-11-2020,11854.96973
23-11-2020,11880.62988
24-11-2020,12036.79004
25-11-2020,12094.40039
27-11-2020,12205.84961
30-11-2020,12198.74023
01-12-2020,12355.11035
02-12-2020,12349.37012
03-12-2020,12377.17969
04-12-2020,12464.23047
07-12-2020,12519.9502
08-12-2020,12582.76953
09-12-2020,12338.9502
10-12-2020,12405.80957
11-12-2020,12377.87012
14-12-2020,12440.04004
15-12-2020,12595.05957
16-12-2020,12658.19043
17-12-2020,12764.75
18-12-2020,12755.63965
21-12-2020,12742.51953
22-12-2020,12807.91992
23-12-2020,12771.11035
24-12-2020,12804.73047
28-12-2020,12899.41992
29-12-2020,12850.21973
30-12-2020,12870
31-12-2020,12888.28027
